rank,ticker,sector,industry,avg_vol_30d,price,rs_score,rs_delta,rs_delta_momentum,pct_from_52w_high,pct_from_52w_low,range_position,price_vs_sma10,price_vs_sma20,price_vs_sma50,price_vs_sma200,percentile,pct_1m,pct_3m,pct_6m,pct_12m,elite_rs,elite_1m,elite_3m,elite_6m,elite_12m,elite_count,date
1,MORA,Communication Services,Telecom Services,461940,6250.0,625.71,-236.02,-140.4,-60.4,1562.2,38.1,-2.1,-2.9,-5.3,-5.5,100,5,94,12,100,top1,,,,top1,2,2026-08-03
2,TAMA,Real Estate,Real Estate - Development,10187140,254.0,609.9,186.78,417.81,0.0,916.0,100.0,17.3,33.5,44.9,137.5,100,98,99,100,99,top1,top2,top1,top1,top1,5,2026-08-03
3,EURO,Consumer Defensive,Household & Personal Products,835023,1940.0,560.68,-23.43,111.54,-48.2,984.5,49.3,-1.3,4.7,12.2,49.5,99,69,11,99,99,top1,,,top1,top1,3,2026-08-03
4,ALKA,Basic Materials,Aluminum,490200,1715.0,493.0,329.3,387.02,0.0,479.4,100.0,29.6,81.9,142.0,209.8,99,100,100,100,96,top1,top1,top1,top1,,4,2026-08-03
5,MMIX,Healthcare,Pharmaceutical Retailers,23294790,735.0,471.11,25.42,44.16,-6.4,613.6,92.7,3.7,4.7,12.7,113.2,99,89,100,99,97,top1,,top1,top1,,3,2026-08-03
6,PKPK,Industrials,Engineering & Construction,1735023,3930.0,431.89,-14.99,-39.24,-0.5,627.8,99.4,2.2,10.5,27.0,95.2,99,78,93,99,97,top1,,,top1,,2,2026-08-03
7,PGUN,Consumer Defensive,Farm Products,25303,7525.0,389.41,-58.98,-15.37,-74.5,1115.0,23.9,-1.5,1.5,2.4,-27.0,99,45,28,54,100,top1,,,,top1,2,2026-08-03
8,VISI,Industrials,Industrial Distribution,1553410,860.0,388.14,-86.93,-67.17,-28.3,566.7,68.3,-1.8,-5.5,-7.8,51.0,98,18,89,99,97,top2,,,top1,,2,2026-08-03
9,BUVA,Consumer Cyclical,Lodging,222795836,880.0,346.96,-10.95,71.77,-59.4,771.3,37.7,-0.4,0.6,10.7,-18.8,98,71,23,17,99,top2,,,,top1,2,2026-08-03
10,VKTR,Consumer Cyclical,Recreational Vehicles,72970426,730.0,339.9,23.66,222.98,-43.6,801.2,53.5,-5.2,5.7,12.9,2.5,98,94,30,46,98,top2,,,,top2,2,2026-08-03
11,UANG,Real Estate,Real Estate - Development,225553,2410.0,336.66,57.1,277.51,-67.9,1111.1,30.3,2.4,0.4,4.6,-34.6,98,63,6,18,99,top2,,,,top1,2,2026-08-03
12,STAR,Financial Services,Asset Management,131270,268.0,335.28,-59.73,385.34,-66.1,857.1,31.5,-3.0,-4.6,-14.6,-34.5,97,12,1,26,98,,,,,top2,1,2026-08-03
13,BLUE,Technology,Electronics & Computer Distribution,346580,2430.0,326.41,-238.32,-203.5,-64.4,692.1,32.6,-13.4,-14.5,-19.3,-26.8,97,1,18,23,98,,,,,top2,1,2026-08-03
14,BSML,Industrials,Marine Shipping,16662313,525.0,324.14,-100.83,-166.44,-0.9,425.0,98.8,1.5,1.1,11.6,59.5,97,43,96,97,96,,,,,,0,2026-08-03
15,CBRE,Industrials,Marine Shipping,14892123,680.0,314.6,-9.28,648.54,-62.2,914.9,35.4,-5.4,-4.5,-4.2,-27.6,97,10,23,41,99,,,,,top1,1,2026-08-03
16,PADA,Industrials,Staffing & Employment Services,33845673,144.0,311.74,21.65,233.33,-63.3,928.6,34.4,15.3,21.8,24.4,-12.0,97,95,44,15,98,,,,,top2,1,2026-08-03
17,INPS,Industrials,Trucking,190236,665.0,308.65,-122.85,-5.68,-25.3,545.6,71.4,0.5,5.4,1.9,42.9,96,36,73,96,96,,,,,,0,2026-08-03
18,PSKT,Consumer Cyclical,Lodging,8070610,224.0,279.63,57.38,193.3,-44.3,540.0,51.5,4.8,10.2,14.7,-4.0,96,87,68,44,97,,,,,,0,2026-08-03
19,GULA,Consumer Defensive,Farm Products,36909463,790.0,277.21,33.6,1.61,-7.6,234.7,89.5,1.8,10.8,26.9,86.4,96,93,99,98,91,,,top1,top2,,2,2026-08-03
20,ADES,Consumer Defensive,Beverages - Non-Alcoholic,84846,34000.0,276.09,-50.1,-176.76,-12.5,172.0,81.6,-5.6,-3.5,15.3,75.5,96,19,99,99,90,,,top1,top1,,2,2026-08-03
21,FORU,Communication Services,Advertising Agencies,1063150,2900.0,266.44,-112.92,-349.65,-23.1,188.6,68.5,-4.4,-2.7,3.8,70.3,96,3,99,97,88,,,top1,,,1,2026-08-03
22,ARKO,Utilities,Utilities - Renewable,2733086,4900.0,258.52,-51.05,76.45,-58.6,479.9,36.9,-3.0,0.8,-5.3,-17.4,95,16,2,12,97,,,,,,0,2026-08-03
23,ESIP,Consumer Cyclical,Packaging & Containers,88835380,130.0,251.2,-73.27,-94.75,-40.9,350.3,52.9,-1.0,-0.1,2.9,21.0,95,21,97,96,95,,,,,,0,2026-08-03
24,CASH,Industrials,Business Equipment & Supplies,3026646,232.0,241.54,20.27,96.89,-12.8,300.0,83.7,2.6,9.6,21.5,45.3,95,93,71,98,94,,,,top2,,1,2026-08-03
25,NEST,Consumer Defensive,Farm Products,5061256,690.0,231.58,-4.22,-48.81,-1.4,171.7,97.8,9.3,9.9,20.0,62.0,95,77,98,98,88,,,top2,top2,,2,2026-08-03
26,UNIC,Basic Materials,Chemicals,11800,15300.0,218.97,10.73,-10.33,0.0,121.2,100.0,17.6,20.1,20.4,52.9,94,79,96,97,87,,,,,,0,2026-08-03
27,AGII,Basic Materials,Chemicals,344450,3130.0,216.96,-17.22,1.34,-12.7,339.7,84.2,6.5,4.7,12.7,32.9,94,87,75,98,93,,,,top2,,1,2026-08-03
28,NSSS,Consumer Defensive,Farm Products,10544626,1105.0,211.72,69.03,46.25,-48.9,213.1,41.6,25.5,39.0,79.0,42.0,94,99,95,71,93,,top1,,,,1,2026-08-03
29,TINS,Basic Materials,Other Industrial Metals & Mining,37762283,3800.0,201.21,-47.96,-80.76,-15.4,291.2,80.4,6.9,8.4,12.6,14.6,94,67,82,81,94,,,,,,0,2026-08-03
30,FUTR,Utilities,Utilities - Renewable,59252676,280.0,200.65,91.62,88.09,-65.0,438.5,30.5,3.7,13.6,43.3,-31.4,94,98,96,13,95,,top2,,,,1,2026-08-03
31,GGRM,Consumer Defensive,Tobacco,1260720,19000.0,200.03,9.99,-4.28,-0.4,141.0,99.3,5.8,10.2,18.7,30.0,93,84,97,95,87,,,,,,0,2026-08-03
32,DOOH,Communication Services,Advertising Agencies,73080703,248.0,198.19,92.59,98.92,-31.1,153.1,57.3,27.5,56.6,80.3,38.9,93,99,97,75,91,,top1,,,,1,2026-08-03
33,BULL,Industrials,Marine Shipping,272885233,454.0,197.84,8.97,45.27,-33.7,251.9,58.5,10.0,20.7,24.7,17.2,93,96,42,42,93,,,,,,0,2026-08-03
34,BAJA,Basic Materials,Steel,11891470,244.0,195.58,45.97,41.97,0.0,108.5,100.0,25.9,36.7,53.0,52.9,93,97,98,96,85,,,top2,,,1,2026-08-03
35,ASGR,Industrials,Specialty Business Services,1524996,1790.0,195.3,17.75,9.75,-7.7,132.1,87.2,-5.3,-3.2,10.2,30.2,93,84,86,97,88,,,,,,0,2026-08-03
36,MARK,Healthcare,Medical Instruments & Supplies,21554160,1070.0,194.42,2.1,-43.3,-4.9,90.8,90.3,7.8,4.3,15.1,37.3,92,55,97,95,83,,,,,,0,2026-08-03
37,IMPC,Industrials,Building Products & Equipment,12112316,1545.0,190.51,-3.96,60.04,-61.9,341.4,32.3,1.1,3.3,-1.7,-35.1,92,52,14,12,96,,,,,,0,2026-08-03
38,VERN,Communication Services,Entertainment,12149810,197.0,189.72,28.35,-4.48,-7.1,126.4,88.0,-1.4,7.1,31.6,53.0,92,96,96,96,78,,,,,,0,2026-08-03
39,JARR,Consumer Defensive,Farm Products,1952686,1930.0,188.03,-28.76,-36.11,-76.3,372.3,19.7,1.3,2.8,8.7,-28.9,92,47,46,28,96,,,,,,0,2026-08-03
40,BDMN,Financial Services,Banks - Regional,1259323,4200.0,184.87,-24.83,8.7,-13.9,90.6,74.6,1.5,2.6,1.2,38.8,91,62,83,97,84,,,,,,0,2026-08-03
41,WGSH,Technology,Software - Infrastructure,11509670,169.0,183.94,32.13,39.13,0.0,116.7,100.0,19.3,20.5,33.2,32.9,91,92,97,91,84,,,,,,0,2026-08-03
42,TALF,Consumer Cyclical,Packaging & Containers,175306,710.0,181.95,5.6,49.52,-26.1,151.8,63.0,15.6,16.5,9.0,19.8,91,84,91,90,90,,,,,,0,2026-08-03
43,HOPE,Industrials,Metal Fabrication,31905523,212.0,181.17,9.81,-1.2,-43.6,198.6,46.2,9.6,19.5,47.8,12.7,91,97,61,70,93,,,,,,0,2026-08-03
44,CLAY,Consumer Cyclical,Lodging,26636,2600.0,180.35,-17.97,5.32,-28.8,288.1,64.8,8.9,5.1,-1.8,-5.0,91,7,59,86,94,,,,,,0,2026-08-03
45,SOFA,Utilities,Utilities - Renewable,2852546,214.0,178.7,-31.94,178.83,-63.7,397.7,31.3,-1.5,-3.6,-15.8,-40.0,90,48,2,14,95,,,,,,0,2026-08-03
46,GTSI,Industrials,Marine Shipping,35843670,153.0,174.25,11.11,66.81,-67.9,295.4,26.1,2.5,9.0,11.6,-26.6,90,86,9,4,94,,,,,,0,2026-08-03
47,AMAN,Real Estate,Real Estate - Development,398300,250.0,173.49,-34.08,-33.84,-34.2,125.2,51.7,-4.1,-4.3,-2.5,4.5,90,5,71,84,89,,,,,,0,2026-08-03
48,KONI,Consumer Cyclical,Specialty Retail,100910,2470.0,171.41,-35.13,-45.66,-34.7,105.0,49.1,-0.7,-4.8,-4.8,3.2,90,15,94,92,85,,,,,,0,2026-08-03
49,WIIM,Consumer Defensive,Tobacco,908640,1705.0,171.39,-6.61,-1.24,-13.7,135.4,78.4,3.8,6.3,6.8,6.7,90,66,87,87,87,,,,,,0,2026-08-03
50,MBSS,Industrials,Marine Shipping,1507336,2840.0,171.04,-46.03,-61.82,-23.0,125.4,65.0,4.3,7.4,12.2,38.6,89,42,92,80,76,,,,,,0,2026-08-03
51,ENRG,Energy,Oil & Gas E&P,91732106,1290.0,170.7,-41.37,84.71,-41.4,171.0,47.2,-7.0,-3.0,-1.0,-5.9,89,85,10,57,94,,,,,,0,2026-08-03
52,SOCI,Industrials,Marine Shipping,15396033,436.0,169.63,16.16,55.35,-41.1,156.6,46.7,5.4,14.7,24.4,7.4,89,95,51,28,90,,,,,,0,2026-08-03
53,HRTA,Consumer Cyclical,Luxury Goods,10808053,1855.0,168.91,-34.97,37.25,-41.6,211.0,48.8,-3.3,-0.7,-6.7,-9.5,89,42,8,46,92,,,,,,0,2026-08-03
54,TRUK,Industrials,Trucking,306103,432.0,166.06,-50.68,-30.18,-35.0,195.9,55.1,3.0,2.6,7.6,0.2,88,41,19,56,92,,,,,,0,2026-08-03
55,TOTL,Industrials,Engineering & Construction,1697580,1140.0,163.71,-7.8,-6.01,-0.3,84.8,99.4,5.8,7.3,8.2,17.7,88,57,85,93,83,,,,,,0,2026-08-03
56,MLPT,Technology,Information Technology Services,9102000,1925.0,162.49,76.76,47.15,-78.6,285.0,16.8,22.0,61.3,111.5,4.2,88,100,99,53,73,,top1,top1,,,2,2026-08-03
57,SMMT,Energy,Thermal Coal,71473,1850.0,161.8,-40.78,-34.7,-32.0,116.4,53.4,0.8,1.5,3.8,17.4,88,35,42,95,86,,,,,,0,2026-08-03
58,RMKE,Energy,Thermal Coal,86958910,418.0,160.94,-58.89,46.6,-75.8,302.9,19.4,-0.4,-3.8,-8.6,-39.9,88,15,9,1,95,,,,,,0,2026-08-03
59,SAFE,Industrials,Railroads,186590,370.0,160.8,-8.8,-22.04,-15.9,118.9,74.2,-0.5,2.2,10.1,11.1,87,61,76,77,79,,,,,,0,2026-08-03
60,SMIL,Industrials,Rental & Leasing Services,33106496,400.0,160.43,35.91,18.18,-46.7,78.6,33.5,8.2,18.8,35.5,16.1,87,94,98,92,78,,,top2,,,1,2026-08-03
61,CBPE,Real Estate,Real Estate - Development,402796,330.0,160.28,10.43,18.91,-13.7,88.2,74.6,11.0,13.6,15.7,11.7,87,78,88,87,83,,,,,,0,2026-08-03
62,DEWA,Energy,Thermal Coal,787433476,460.0,157.9,30.64,46.52,-43.3,126.6,42.3,3.9,17.6,31.9,0.8,87,97,64,27,90,,,,,,0,2026-08-03
63,FPNI,Basic Materials,Specialty Chemicals,2893253,406.0,157.24,24.17,28.16,-76.5,120.7,14.4,21.7,24.2,22.8,-22.7,87,91,41,15,86,,,,,,0,2026-08-03
64,MAPI,Consumer Cyclical,Department Stores,49475386,1555.0,156.98,-11.59,-35.89,-0.3,44.9,99.0,3.6,3.0,3.7,19.0,86,27,95,94,65,,,,,,0,2026-08-03
65,UVCR,Technology,Software - Application,66314690,147.0,156.96,-26.36,98.35,-39.1,141.5,47.7,-1.7,3.9,-11.5,-1.5,86,66,29,55,84,,,,,,0,2026-08-03
66,INOV,Industrials,Waste Management,6176686,142.0,156.59,28.47,28.75,-42.3,67.1,35.4,6.2,9.5,16.4,5.4,86,90,93,86,76,,,,,,0,2026-08-03
67,MINA,Consumer Cyclical,Lodging,91992323,272.0,156.51,-22.48,22.24,-57.2,166.7,31.9,-2.4,-2.1,-3.5,-14.6,86,36,39,9,92,,,,,,0,2026-08-03
68,ELSA,Energy,Oil & Gas Equipment & Services,27307093,695.0,156.29,18.98,26.13,-25.1,56.7,51.9,2.7,6.6,16.4,18.5,85,91,66,96,75,,,,,,0,2026-08-03
69,ADRO,Energy,Thermal Coal,28302426,2460.0,156.04,-6.22,-6.94,-5.4,70.1,87.9,-2.3,-0.0,4.8,17.8,85,47,81,91,75,,,,,,0,2026-08-03
70,BEEF,Consumer Defensive,Packaged Foods,38906263,392.0,154.84,66.99,42.34,-49.7,208.7,40.6,13.0,29.4,82.4,10.8,85,99,98,76,69,,top1,top2,,,2,2026-08-03
71,BFIN,Financial Services,Credit Services,20936350,915.0,154.74,18.56,1.5,-0.5,56.4,98.5,11.9,14.7,25.0,29.3,85,87,93,95,62,,,,,,0,2026-08-03
72,KETR,Technology,Communication Equipment,17210376,555.0,153.37,-4.06,67.65,-62.5,145.6,26.2,-1.1,2.7,1.5,-12.1,85,61,85,18,91,,,,,,0,2026-08-03
73,URBN,Real Estate,Real Estate - Development,225583,206.0,152.98,-32.07,-54.15,-28.5,59.7,48.4,-5.7,-6.3,-0.2,8.9,84,14,90,76,76,,,,,,0,2026-08-03
74,KOKA,Industrials,Engineering & Construction,80647150,193.0,152.92,49.69,41.89,-52.9,179.7,36.4,-7.7,4.1,42.2,-16.7,84,99,88,38,91,,top1,,,,1,2026-08-03
75,HBAT,Real Estate,Real Estate - Development,1362416,224.0,152.42,-78.74,191.38,-57.3,234.3,34.3,-9.2,-14.9,-35.7,-33.3,84,1,3,33,93,,,,,,0,2026-08-03
76,CLPI,Basic Materials,Specialty Chemicals,351990,1580.0,152.3,-2.47,-7.31,0.0,52.5,100.0,1.8,3.7,7.1,13.5,84,49,88,91,74,,,,,,0,2026-08-03
77,SMAR,Consumer Defensive,Farm Products,62083,5875.0,151.75,9.34,-0.04,-9.2,75.3,80.9,5.4,9.6,19.0,17.4,84,88,76,90,82,,,,,,0,2026-08-03
78,JMAS,Financial Services,Insurance - Life,73036,228.0,151.16,-25.5,14.12,-30.5,72.7,49.0,0.0,0.0,-5.6,4.8,83,16,80,54,82,,,,,,0,2026-08-03
79,PNGO,Consumer Defensive,Farm Products,13563,3560.0,150.91,-34.97,-44.33,-8.7,100.2,84.0,0.5,1.6,2.6,8.8,83,29,75,80,86,,,,,,0,2026-08-03
80,BOBA,Consumer Defensive,Packaged Foods,2090030,228.0,150.48,-82.26,-112.83,-36.3,54.2,38.1,-1.9,-5.6,-16.6,7.5,83,1,89,94,65,,,,,,0,2026-08-03
81,ARGO,Consumer Cyclical,Textile Manufacturing,175043,1170.0,148.18,14.05,-6.99,-39.5,67.1,38.1,2.9,9.0,24.6,14.9,83,88,90,89,77,,,,,,0,2026-08-03
82,BLES,Basic Materials,Building Materials,6298413,200.0,147.71,23.73,9.72,0.0,76.2,100.0,17.0,27.9,37.7,31.3,82,96,95,93,55,,,,,,0,2026-08-03
83,GJTL,Consumer Cyclical,Auto Parts,4518580,1225.0,147.3,-6.44,-16.53,-0.4,40.2,98.6,4.0,6.7,8.7,18.1,82,53,91,92,61,,,,,,0,2026-08-03
84,CSIS,Real Estate,Real Estate - Development,2188053,182.0,147.02,-3.17,-21.36,-64.3,177.2,26.2,2.4,7.7,18.1,-21.2,82,88,82,19,89,,,,,,0,2026-08-03
85,DWGL,Energy,Thermal Coal,4521246,370.0,146.98,44.92,56.88,-61.1,72.9,21.2,33.8,48.1,49.8,14.6,82,99,96,91,79,,top1,,,,1,2026-08-03
86,AMIN,Industrials,Specialty Industrial Machinery,20593,244.0,146.38,-7.85,11.04,-17.0,56.4,63.8,0.2,0.5,-2.4,-3.9,82,12,94,73,78,,,,,,0,2026-08-03
87,AADI,Energy,Thermal Coal,10022553,9225.0,146.16,8.7,9.94,-16.1,54.5,64.7,2.4,6.6,12.5,13.2,81,74,56,94,74,,,,,,0,2026-08-03
88,MRAT,Consumer Defensive,Household & Personal Products,138633,440.0,145.88,-23.03,-21.03,-38.5,111.5,45.8,-0.2,-0.3,-0.3,-0.5,81,20,87,80,82,,,,,,0,2026-08-03
89,AKRA,Energy,Oil & Gas Refining & Marketing,18945813,1415.0,145.82,12.55,14.25,-4.9,42.1,85.3,1.1,5.5,12.0,15.2,81,77,80,92,64,,,,,,0,2026-08-03
90,TAPG,Consumer Defensive,Farm Products,12631396,1750.0,145.46,-6.64,-8.07,-12.8,50.6,69.6,2.5,7.3,15.1,11.5,81,73,62,94,81,,,,,,0,2026-08-03
91,AUTO,Consumer Cyclical,Auto Parts,1455203,2750.0,144.1,5.27,8.36,-0.4,43.0,98.8,3.1,6.4,10.1,10.8,81,74,85,88,72,,,,,,0,2026-08-03
92,OILS,Consumer Defensive,Packaged Foods,27384560,232.0,144.05,2.25,17.08,-25.6,125.2,61.7,1.4,6.0,17.0,2.1,80,90,33,83,87,,,,,,0,2026-08-03
93,TSPC,Industrials,Conglomerates,580483,2880.0,143.6,10.23,-1.19,-5.0,37.9,84.1,6.1,10.3,14.9,10.0,80,75,93,83,64,,,,,,0,2026-08-03
94,TUGU,Financial Services,Insurance - Diversified,1651176,1220.0,143.42,-12.09,-26.53,-9.5,44.8,74.6,0.3,-0.5,4.1,9.8,80,23,84,88,67,,,,,,0,2026-08-03
95,SWID,Real Estate,Real Estate - Development,4331666,103.0,142.98,8.58,4.87,-28.1,79.0,53.0,1.5,7.0,12.4,-1.5,80,71,82,58,82,,,,,,0,2026-08-03
96,DGNS,Healthcare,Diagnostics & Research,535653,232.0,142.1,-12.96,-18.55,-29.3,65.7,48.9,-0.8,0.9,1.2,0.0,79,19,47,74,73,,,,,,0,2026-08-03
97,OASA,Utilities,Utilities - Renewable,40909636,324.0,141.32,-2.89,42.52,-37.7,120.4,47.5,-3.3,4.1,10.0,4.0,79,87,72,60,84,,,,,,0,2026-08-03
98,RMKO,Energy,Thermal Coal,8494566,298.0,141.0,-67.16,-34.88,-83.5,204.1,11.7,-4.2,-9.1,-5.7,-32.5,79,6,5,10,91,,,,,,0,2026-08-03
99,KICI,Consumer Cyclical,"Furnishings, Fixtures & Appliances",810726,193.0,140.54,-2.62,12.33,-40.1,73.9,38.9,-0.5,2.0,3.1,-8.0,79,57,38,84,79,,,,,,0,2026-08-03
100,HMSP,Consumer Defensive,Tobacco,13460736,735.0,139.68,-2.89,-9.08,-14.9,53.1,66.5,1.9,4.8,9.5,3.4,79,61,90,85,64,,,,,,0,2026-08-03
101,KBLV,Communication Services,Entertainment,75940903,132.0,139.44,49.53,44.05,-60.5,149.1,28.1,2.8,20.3,37.9,-11.7,78,98,91,39,88,,top2,,,,1,2026-08-03
102,CGAS,Energy,Oil & Gas Refining & Marketing,3883983,155.0,139.06,0.84,25.23,-31.3,73.3,48.2,0.5,2.5,2.3,-4.4,78,46,72,61,81,,,,,,0,2026-08-03
103,CITY,Real Estate,Real Estate - Development,3187856,170.0,137.83,-13.07,-27.41,-63.2,91.0,21.7,0.2,1.1,7.3,-17.8,78,45,34,19,85,,,,,,0,2026-08-03
104,TRIM,Financial Services,Capital Markets,160146,565.0,137.82,-26.49,-51.29,-26.0,59.9,51.6,-0.2,-0.2,4.6,-3.5,78,14,84,66,77,,,,,,0,2026-08-03
105,HYGN,Industrials,Specialty Business Services,1577186,171.0,137.31,16.46,18.54,-1.4,35.7,94.8,4.8,9.8,17.1,12.8,78,88,92,81,60,,,,,,0,2026-08-03
106,WINS,Industrials,Marine Shipping,1736550,510.0,136.57,-24.94,-30.65,-10.5,41.9,71.6,-0.7,-2.7,-0.5,3.6,77,9,78,84,66,,,,,,0,2026-08-03
107,MSJA,Consumer Cyclical,Textile Manufacturing,13591910,392.0,134.94,-20.15,-13.83,-26.7,39.1,43.6,-3.1,-3.8,-3.8,2.2,77,9,26,93,66,,,,,,0,2026-08-03
108,SRTG,Financial Services,Asset Management,3625480,1785.0,134.89,5.45,0.32,-6.2,42.8,82.0,2.0,6.2,14.3,13.2,77,74,88,86,58,,,,,,0,2026-08-03
109,KINO,Consumer Defensive,Beverages - Non-Alcoholic,33323,1230.0,134.82,-3.35,-19.94,-8.5,21.4,65.6,2.8,5.7,9.0,5.2,77,47,90,79,58,,,,,,0,2026-08-03
110,ISSP,Basic Materials,Steel,1162550,440.0,134.72,7.78,20.48,-15.7,40.5,60.8,5.9,8.9,12.0,4.8,76,71,68,85,69,,,,,,0,2026-08-03
111,NASI,Consumer Defensive,Farm Products,3445930,129.0,134.6,5.26,26.29,-31.4,55.4,43.8,3.0,6.8,11.5,0.1,76,85,37,90,74,,,,,,0,2026-08-03
112,TRIN,Real Estate,Real Estate - Development,6061960,318.0,133.65,-76.76,-24.57,-81.7,253.3,13.8,-5.3,-4.6,-15.2,-54.8,76,4,0,0,92,,,,,,0,2026-08-03
113,ITMG,Energy,Thermal Coal,1201770,24575.0,133.38,6.55,11.41,-15.0,20.9,49.5,0.7,2.8,7.0,7.7,76,53,69,91,57,,,,,,0,2026-08-03
114,TRUS,Financial Services,Credit Services,721440,412.0,133.37,-36.47,-131.33,-24.4,93.8,60.0,-1.8,-7.2,19.0,10.9,76,2,94,81,46,,,,,,0,2026-08-03
115,UNVR,Consumer Defensive,Household & Personal Products,14029953,1755.0,132.79,-1.74,-33.05,-32.0,27.3,31.3,2.8,2.7,5.4,-9.5,75,16,94,47,60,,,,,,0,2026-08-03
116,LSIP,Consumer Defensive,Farm Products,7531100,1430.0,132.15,1.05,1.16,-14.6,38.7,62.1,3.9,7.2,14.6,13.9,75,77,58,94,54,,,,,,0,2026-08-03
117,INDY,Energy,Thermal Coal,20379950,2630.0,131.84,17.05,40.96,-37.7,105.6,45.9,3.1,12.2,19.0,-3.1,75,94,12,58,85,,,,,,0,2026-08-03
118,LPIN,Consumer Cyclical,Auto Parts,60003,422.0,131.22,-7.25,-10.04,-4.3,25.7,82.1,0.5,2.0,4.2,3.3,75,34,79,87,62,,,,,,0,2026-08-03
119,SSTM,Consumer Cyclical,Textile Manufacturing,377636,412.0,130.98,-0.67,40.99,-89.3,152.8,6.8,2.4,4.4,-0.3,-59.6,75,44,7,0,89,,,,,,0,2026-08-03
120,FORE,Consumer Cyclical,Restaurants,8050990,690.0,130.59,-5.51,,-32.7,54.0,41.9,7.2,9.5,3.1,10.6,74,72,26,93,53,,,,,,0,2026-08-03
121,SKBM,Consumer Defensive,Packaged Foods,1010376,550.0,130.52,12.11,44.66,-54.5,63.7,24.5,-0.5,-6.0,2.2,-5.0,74,92,28,71,76,,,,,,0,2026-08-03
122,LMAX,Energy,Oil & Gas Refining & Marketing,1684403,110.0,130.48,20.46,93.48,-51.3,120.0,34.1,-5.0,-0.6,11.9,-14.0,74,97,6,15,87,,,,,,0,2026-08-03
123,AMMS,Consumer Defensive,Farm Products,118220,260.0,130.2,-67.26,-13.29,-56.3,182.6,33.4,-11.0,-13.7,-20.5,-35.1,74,2,7,14,90,,,,,,0,2026-08-03
124,SCCO,Industrials,Electrical Equipment & Parts,32800,2310.0,130.0,-2.67,-5.46,-10.3,12.2,48.5,0.6,1.3,3.2,1.7,74,41,83,87,56,,,,,,0,2026-08-03
125,DNET,Communication Services,Telecom Services,27196,9800.0,129.96,-14.81,-25.1,-10.5,12.3,48.3,1.1,0.8,-1.4,5.5,73,13,83,89,47,,,,,,0,2026-08-03
126,IPCC,Industrials,Integrated Freight & Logistics,709356,1150.0,129.77,-2.31,0.57,-12.4,21.7,55.8,-2.7,-3.5,0.0,-1.8,73,28,66,78,59,,,,,,0,2026-08-03
127,LABS,Healthcare,Medical Devices,3470520,151.0,129.57,2.62,0.53,-30.1,25.8,32.3,1.4,2.3,4.8,3.1,73,54,77,90,48,,,,,,0,2026-08-03
128,ADMF,Financial Services,Credit Services,38413,8675.0,129.51,-1.94,-2.65,-3.3,16.5,80.4,4.4,5.7,6.2,6.8,73,50,84,89,45,,,,,,0,2026-08-03
129,PSDN,Consumer Defensive,Packaged Foods,21216056,131.0,129.11,9.13,56.99,-41.5,72.4,37.2,8.8,12.5,12.6,3.0,72,92,9,79,80,,,,,,0,2026-08-03
130,MEGA,Financial Services,Banks - Regional,41023,1970.0,129.03,-23.0,-25.31,-33.2,26.7,29.7,-1.1,-1.3,-0.1,5.3,72,12,21,93,61,,,,,,0,2026-08-03
131,BTPN,Financial Services,Banks - Regional,10090,2190.0,128.41,-9.65,-6.68,-8.8,14.0,56.2,-1.3,-0.7,-0.2,3.5,72,26,83,86,47,,,,,,0,2026-08-03
132,ERAA,Consumer Cyclical,Specialty Retail,54897233,420.0,128.3,14.85,7.33,-14.9,40.0,61.9,6.9,13.0,19.6,12.5,72,88,91,90,25,,,,,,0,2026-08-03
133,MAPA,Consumer Cyclical,Specialty Retail,22608133,650.0,127.99,1.94,-9.39,-17.7,25.8,48.8,5.3,6.4,8.2,0.4,72,41,79,85,40,,,,,,0,2026-08-03
134,RAJA,Utilities,Utilities - Regulated Gas,192371076,890.0,127.93,-16.45,-28.68,-44.5,93.6,37.6,-1.2,0.7,13.9,-3.4,71,68,82,35,79,,,,,,0,2026-08-03
135,KJEN,Industrials,Integrated Freight & Logistics,17955290,148.0,127.84,27.67,89.54,-55.2,52.6,21.9,12.1,17.7,16.1,-12.1,71,94,95,40,70,,,,,,0,2026-08-03
136,LFLO,Consumer Cyclical,"Furnishings, Fixtures & Appliances",59840,486.0,127.54,-77.28,-113.97,-41.9,113.5,42.4,0.2,-3.3,-6.6,-14.0,71,1,49,44,74,,,,,,0,2026-08-03
137,GTRA,Industrials,Integrated Freight & Logistics,490190,242.0,127.33,-7.39,-12.14,-42.9,77.9,36.8,2.3,11.4,20.3,-10.3,71,91,65,52,80,,,,,,0,2026-08-03
138,INKP,Basic Materials,Paper & Paper Products,4056936,8400.0,127.11,11.98,20.4,-29.2,47.7,43.9,5.7,9.6,12.4,-1.1,71,81,46,63,72,,,,,,0,2026-08-03
139,BIRD,Industrials,Railroads,1148063,1610.0,127.01,-3.04,-18.54,-10.7,29.4,65.5,-0.3,1.0,7.7,5.4,70,40,88,84,40,,,,,,0,2026-08-03
140,INCO,Basic Materials,Other Industrial Metals & Mining,13207380,5275.0,126.92,-7.43,-3.56,-32.1,55.6,43.1,7.3,9.2,11.4,1.2,70,82,26,63,75,,,,,,0,2026-08-03
141,ADMR,Basic Materials,Coking Coal,22884280,1515.0,126.6,-14.56,-11.15,-31.7,57.2,43.9,0.4,1.8,2.5,-5.4,70,56,33,55,76,,,,,,0,2026-08-03
142,LIVE,Consumer Cyclical,"Furnishings, Fixtures & Appliances",867226,210.0,125.85,-10.6,-15.15,-39.3,38.2,29.9,2.6,2.2,-1.6,-4.6,70,26,56,30,73,,,,,,0,2026-08-03
143,BOLA,Communication Services,Entertainment,809570,162.0,125.6,-6.74,-8.3,-28.3,40.9,42.3,-0.7,1.2,6.1,-4.3,69,62,55,66,77,,,,,,0,2026-08-03
144,INAI,Basic Materials,Aluminum,4294146,177.0,125.53,24.4,43.95,-39.4,41.6,31.1,4.0,12.5,18.2,3.4,69,94,68,78,51,,,,,,0,2026-08-03
145,ERTX,Consumer Cyclical,Apparel Manufacturing,4450166,175.0,125.41,15.09,42.96,-48.5,71.6,30.7,4.6,10.2,18.4,-9.9,69,93,43,57,79,,,,,,0,2026-08-03
146,ASJT,Financial Services,Insurance - Property & Casualty,960123,159.0,125.36,-25.83,-18.21,-37.1,53.7,37.2,0.6,-1.2,-0.3,-4.9,69,20,35,47,66,,,,,,0,2026-08-03
147,MCOL,Energy,Thermal Coal,26086,3800.0,125.15,-8.56,-18.02,-4.1,22.2,80.8,1.9,1.3,2.4,5.2,69,16,71,88,37,,,,,,0,2026-08-03
148,SMSM,Consumer Cyclical,Auto Parts,1428756,1790.0,125.07,0.99,-0.84,-8.3,13.3,56.6,2.3,3.6,6.4,3.0,68,52,76,85,41,,,,,,0,2026-08-03
149,DOSS,Consumer Cyclical,Specialty Retail,6436960,163.0,125.03,27.36,42.19,-39.2,37.7,29.8,15.1,18.5,22.6,0.4,68,89,89,45,52,,,,,,0,2026-08-03
150,MDKI,Basic Materials,Specialty Chemicals,326530,182.0,124.87,-9.62,-12.78,-18.1,21.3,44.3,0.7,1.1,2.0,-2.7,68,32,76,67,59,,,,,,0,2026-08-03
151,STAA,Consumer Defensive,Farm Products,4572633,1080.0,124.75,-11.2,-32.14,-38.3,40.9,31.9,1.7,4.3,8.5,-6.9,68,33,64,72,72,,,,,,0,2026-08-03
152,PRDA,Healthcare,Diagnostics & Research,946783,2400.0,124.64,-13.89,1.4,-15.8,11.3,35.2,1.1,-1.2,-2.9,1.8,68,8,81,88,35,,,,,,0,2026-08-03
153,MSTI,Technology,Information Technology Services,990910,1330.0,124.58,2.25,2.01,-12.8,15.2,47.3,-0.1,1.2,5.6,3.2,67,63,85,84,45,,,,,,0,2026-08-03
154,INDF,Consumer Defensive,Packaged Foods,6305496,6975.0,124.53,-7.86,-22.97,-14.6,23.4,52.6,1.3,2.7,7.1,6.6,67,45,85,88,29,,,,,,0,2026-08-03
155,JPFA,Consumer Defensive,Farm Products,12941153,2150.0,124.53,-6.39,17.04,-22.4,48.7,53.2,1.8,3.9,2.7,-7.2,67,58,44,69,69,,,,,,0,2026-08-03
156,ULTJ,Consumer Defensive,Beverages - Non-Alcoholic,1617113,1470.0,124.49,1.28,10.85,-13.5,18.1,49.5,4.8,5.4,5.0,-0.6,67,55,60,82,53,,,,,,0,2026-08-03
157,BNGA,Financial Services,Banks - Regional,1853170,1650.0,124.47,-0.73,-0.35,-4.9,12.2,68.0,0.4,2.3,3.7,1.5,66,51,69,82,49,,,,,,0,2026-08-03
158,BMSR,Basic Materials,Chemicals,181040,310.0,124.36,-4.57,-5.37,-10.9,28.1,64.2,-1.5,1.4,4.4,-0.9,66,52,63,75,62,,,,,,0,2026-08-03
159,PBSA,Industrials,Engineering & Construction,808076,770.0,124.36,-1.77,38.9,-69.2,125.4,19.9,-0.3,1.2,6.5,-29.8,66,24,13,9,88,,,,,,0,2026-08-03
160,PPRE,Industrials,Engineering & Construction,77587876,103.0,124.25,3.66,-2.3,-62.7,80.7,21.0,-4.2,-3.8,2.6,-23.7,66,35,35,10,82,,,,,,0,2026-08-03
161,BMRI,Financial Services,Banks - Regional,167649443,4190.0,124.18,7.89,9.59,-15.1,14.9,42.1,-1.6,-0.4,1.1,-2.5,66,44,78,77,42,,,,,,0,2026-08-03
162,DSNG,Consumer Defensive,Farm Products,4905893,1335.0,124.04,4.06,8.18,-28.7,31.2,37.2,2.9,7.8,14.1,-7.1,65,75,30,78,77,,,,,,0,2026-08-03
163,BOAT,Energy,Oil & Gas Drilling,6513780,138.0,123.62,24.36,35.37,-48.5,70.4,30.5,7.9,16.9,23.1,-6.4,65,93,65,26,68,,,,,,0,2026-08-03
164,LEAD,Industrials,Marine Shipping,66144790,111.0,123.25,-3.41,0.1,-51.3,58.6,25.9,7.1,10.0,13.8,-8.4,65,80,29,15,75,,,,,,0,2026-08-03
165,LPPF,Consumer Cyclical,Department Stores,1225266,1555.0,123.2,-5.0,-2.82,-9.6,14.8,54.8,-0.7,0.7,0.7,0.1,65,39,63,81,48,,,,,,0,2026-08-03
166,RALS,Consumer Cyclical,Department Stores,3173266,378.0,123.01,-4.25,-6.1,-19.8,10.7,28.3,-0.9,-0.5,-0.0,-3.4,65,22,66,79,50,,,,,,0,2026-08-03
167,SURE,Energy,Oil & Gas Integrated,45530,2770.0,122.78,-16.52,-36.77,-36.3,16.9,20.2,0.7,0.4,-0.9,1.3,64,16,81,74,45,,,,,,0,2026-08-03
168,BIPI,Industrials,Infrastructure Operations,703700550,142.0,122.3,-22.05,47.53,-55.3,82.1,26.7,-5.5,0.6,-3.0,-12.1,64,76,4,40,81,,,,,,0,2026-08-03
169,ISAT,Communication Services,Telecom Services,17093973,1900.0,122.29,3.2,15.28,-19.3,21.2,42.2,-1.3,0.1,-0.1,-5.7,64,31,77,72,39,,,,,,0,2026-08-03
170,MDKA,Basic Materials,Other Industrial Metals & Mining,32499163,2720.0,121.96,-8.12,-2.83,-30.6,32.7,35.8,1.3,2.2,2.8,-1.8,64,43,28,72,65,,,,,,0,2026-08-03
171,KSIX,Real Estate,Real Estate - Development,151680,284.0,121.89,-31.28,-33.96,-36.9,43.4,34.1,-0.8,-1.0,-11.2,-17.2,63,3,48,34,71,,,,,,0,2026-08-03
172,SIMP,Consumer Defensive,Packaged Foods,10895960,615.0,121.88,-6.77,-3.06,-27.5,36.2,41.2,6.0,10.1,15.3,5.4,63,80,24,89,61,,,,,,0,2026-08-03
173,MOLI,Basic Materials,Chemicals,3148683,264.0,121.8,-14.3,-35.34,-31.9,39.7,37.8,3.0,6.1,11.9,-1.2,63,71,84,62,67,,,,,,0,2026-08-03
174,CMRY,Consumer Defensive,Packaged Foods,1582060,4600.0,121.78,-0.82,-3.12,-25.4,11.7,23.5,-0.8,-0.5,2.3,-6.5,63,41,79,69,44,,,,,,0,2026-08-03
175,SOHO,Healthcare,Medical Distribution,68826,1200.0,121.44,-18.78,-8.29,-64.5,80.4,19.7,0.2,0.5,-2.3,-30.2,63,56,7,5,83,,,,,,0,2026-08-03
176,ASBI,Financial Services,Insurance - Diversified,9296,426.0,121.16,-1.98,-5.27,-21.5,10.8,26.2,0.9,1.2,3.5,-1.4,62,32,78,71,48,,,,,,0,2026-08-03
177,MPXL,Industrials,Trucking,917373,153.0,120.78,3.26,27.16,-48.0,45.7,25.4,2.8,3.1,3.0,-15.0,62,42,63,65,69,,,,,,0,2026-08-03
178,IDPR,Industrials,Engineering & Construction,103283,290.0,120.27,-33.75,-29.77,-55.3,48.2,20.8,-1.7,-2.7,-1.9,-7.2,62,10,67,83,72,,,,,,0,2026-08-03
179,RUIS,Energy,Oil & Gas Equipment & Services,737013,208.0,120.24,5.78,4.84,-34.5,35.9,33.4,2.0,4.2,12.5,-1.9,62,82,64,43,57,,,,,,0,2026-08-03
180,PTPS,Consumer Defensive,Farm Products,2169566,150.0,120.14,10.54,22.28,-34.8,68.5,43.3,5.2,8.7,16.6,-14.1,62,86,34,53,81,,,,,,0,2026-08-03
181,MBTO,Consumer Defensive,Household & Personal Products,6873173,121.0,120.11,8.42,8.51,-63.8,44.0,14.8,0.6,4.5,9.2,-17.9,61,82,72,38,70,,,,,,0,2026-08-03
182,NICK,Real Estate,Real Estate Services,14900,1220.0,120.0,11.4,27.34,-21.8,27.7,43.8,9.6,14.2,16.6,2.7,61,90,74,70,37,,,,,,0,2026-08-03
183,GDYR,Consumer Cyclical,Auto Parts,14946,1095.0,119.71,-5.51,-10.29,-25.5,23.7,35.9,-0.1,0.2,0.5,0.0,61,21,75,87,28,,,,,,0,2026-08-03
184,HEXA,Industrials,Industrial Distribution,204193,4470.0,119.61,1.3,0.72,-21.2,11.2,27.2,-0.6,0.9,1.5,0.4,61,40,74,85,29,,,,,,0,2026-08-03
185,ALII,Industrials,Marine Shipping,998680,740.0,119.42,-18.42,12.77,-42.5,42.1,28.6,0.1,0.3,-2.4,-5.9,60,50,17,41,63,,,,,,0,2026-08-03
186,SINI,Basic Materials,Lumber & Wood Production,2702073,7450.0,119.37,-11.23,131.02,-61.2,132.8,26.6,7.9,7.4,-11.3,-30.1,60,83,3,13,86,,,,,,0,2026-08-03
187,LRNA,Industrials,Railroads,754960,183.0,119.2,-3.85,2.41,-46.8,33.6,22.2,0.0,1.3,1.1,-10.0,60,43,56,48,64,,,,,,0,2026-08-03
188,MKPI,Real Estate,Real Estate Services,48766,21775.0,119.2,-2.38,-9.86,-13.8,6.5,27.5,0.8,2.2,3.5,-2.3,60,30,75,78,43,,,,,,0,2026-08-03
189,PSAB,Basic Materials,Gold,82888273,434.0,119.1,-4.39,25.82,-24.5,44.2,48.6,1.2,3.2,5.0,-1.1,60,59,71,63,59,,,,,,0,2026-08-03
190,DSFI,Consumer Defensive,Farm Products,10165893,80.0,118.89,10.53,18.4,-38.5,45.5,33.3,-0.1,4.8,10.0,-11.6,59,82,34,60,72,,,,,,0,2026-08-03
191,TCID,Consumer Defensive,Household & Personal Products,18406,2720.0,118.79,-15.78,-24.69,-33.3,21.4,26.1,-1.3,-1.8,-2.2,-7.5,59,11,65,75,56,,,,,,0,2026-08-03
192,BBTN,Financial Services,Banks - Regional,20186503,1215.0,118.71,2.19,16.83,-18.5,15.7,37.5,-1.3,0.1,0.4,-2.0,59,62,45,83,46,,,,,,0,2026-08-03
193,BRAM,Consumer Cyclical,Textile Manufacturing,1250,4500.0,118.63,-5.17,-14.35,-19.0,11.1,30.0,0.6,-0.1,1.5,0.2,59,28,86,82,23,,,,,,0,2026-08-03
194,ITMA,Basic Materials,Other Industrial Metals & Mining,42016,1335.0,118.6,1.83,69.3,-52.0,80.4,29.2,-2.4,-2.1,-8.8,-25.2,59,23,13,36,81,,,,,,0,2026-08-03
195,SILO,Healthcare,Medical Care Facilities,283813,2200.0,118.5,-1.71,2.31,-23.6,19.2,34.3,5.9,3.5,-0.8,-8.9,58,15,53,70,43,,,,,,0,2026-08-03
196,NISP,Financial Services,Banks - Regional,2542440,1290.0,118.47,4.83,8.87,-15.6,15.2,41.7,3.1,5.0,4.8,-3.3,58,59,66,75,43,,,,,,0,2026-08-03
197,ATIC,Technology,Information Technology Services,293976,478.0,118.46,-11.03,-21.83,-41.7,25.8,22.3,0.1,0.5,-0.3,-14.5,58,11,58,34,62,,,,,,0,2026-08-03
198,SGRO,Consumer Defensive,Farm Products,109780,4070.0,118.37,36.86,40.25,-44.7,94.0,37.5,21.5,28.8,43.2,-19.1,58,96,36,22,78,,,,,,0,2026-08-03
199,TRIS,Consumer Cyclical,Apparel Manufacturing,1426990,169.0,117.96,-0.93,-0.27,-35.2,19.0,22.7,1.3,2.5,3.4,-4.6,57,40,69,67,46,,,,,,0,2026-08-03
200,TLKM,Communication Services,Telecom Services,120306463,2630.0,117.83,7.74,15.94,-27.8,21.0,31.1,-0.6,1.8,1.3,-10.9,57,44,77,54,49,,,,,,0,2026-08-03
201,ERAL,Consumer Cyclical,Specialty Retail,3066456,306.0,117.68,-0.13,-6.26,-21.5,38.4,50.3,4.1,6.2,11.1,1.5,57,62,80,77,27,,,,,,0,2026-08-03
202,GHON,Communication Services,Telecom Services,47650,1630.0,117.45,-2.15,18.58,-30.0,7.2,13.6,-0.6,0.9,-4.1,-5.9,57,24,57,76,46,,,,,,0,2026-08-03
203,SMLE,Basic Materials,Specialty Chemicals,13562736,157.0,117.19,29.77,19.13,-63.1,127.5,24.6,3.6,14.9,39.8,-13.2,57,97,93,55,60,,,,,,0,2026-08-03
204,AALI,Consumer Defensive,Farm Products,1221023,6875.0,116.91,-0.04,11.7,-18.9,17.0,38.5,4.1,6.9,8.9,-3.8,56,69,39,75,60,,,,,,0,2026-08-03
205,PTSP,Consumer Cyclical,Restaurants,15393,890.0,116.54,-0.24,9.45,-38.2,5.3,7.6,-1.4,-0.3,0.5,-7.3,56,29,74,68,37,,,,,,0,2026-08-03
206,ESSA,Basic Materials,Chemicals,76949703,640.0,116.44,-0.59,17.59,-27.2,24.7,34.6,2.8,7.0,8.8,3.2,56,75,15,82,59,,,,,,0,2026-08-03
207,CEKA,Consumer Defensive,Packaged Foods,72150,2200.0,116.4,-9.16,-17.72,-18.3,14.6,36.2,0.3,1.2,2.2,-1.7,56,20,78,79,25,,,,,,0,2026-08-03
208,ACES,Consumer Cyclical,Specialty Retail,16562910,360.0,116.08,1.9,-11.31,-18.5,25.6,47.4,1.5,3.1,8.0,-0.0,56,55,77,79,22,,,,,,0,2026-08-03
209,MPOW,Utilities,Utilities - Independent Power Producers,10212373,106.0,115.92,12.13,36.26,-35.8,20.5,23.4,3.4,8.2,5.8,-4.3,55,80,76,65,35,,,,,,0,2026-08-03
210,LAPD,,,36574100,62.0,115.69,6.29,20.84,-82.4,67.6,7.9,-5.2,-6.8,-2.9,-51.8,55,50,32,7,89,,,,,,0,2026-08-03
211,KMDS,Consumer Defensive,Food Distribution,93326,545.0,115.56,-6.64,-14.55,-21.4,8.1,21.7,0.3,1.5,2.3,-6.9,55,19,70,73,41,,,,,,0,2026-08-03
212,ARII,Energy,Thermal Coal,130953,274.0,115.41,-14.11,-19.51,-19.4,10.5,28.3,0.4,0.4,-0.1,-3.7,55,16,59,65,44,,,,,,0,2026-08-03
213,SAME,Healthcare,Medical Care Facilities,2727393,296.0,115.32,-22.65,-35.86,-30.8,19.4,26.7,-0.9,-3.0,-6.0,-11.7,54,3,44,64,58,,,,,,0,2026-08-03
214,ARCI,Basic Materials,Gold,34442973,1075.0,115.21,-22.62,23.33,-46.1,70.7,32.6,-0.0,2.8,2.9,-21.7,54,73,10,21,84,,,,,,0,2026-08-03
215,BBNI,Financial Services,Banks - Regional,52023126,3530.0,114.93,11.56,26.45,-17.2,17.3,41.6,-0.5,0.9,0.7,-7.8,54,61,62,69,38,,,,,,0,2026-08-03
216,GZCO,Consumer Defensive,Farm Products,14029400,176.0,114.9,6.46,25.45,-55.3,67.6,24.6,13.3,17.6,21.0,-19.8,54,91,30,36,80,,,,,,0,2026-08-03
217,PTBA,Energy,Thermal Coal,12685446,2320.0,114.87,-2.97,21.18,-23.6,11.9,25.6,-2.6,-2.7,-5.3,-5.5,54,24,35,81,40,,,,,,0,2026-08-03
218,SMRA,Real Estate,Real Estate - Development,16144603,326.0,114.86,18.64,9.43,-30.0,28.5,34.1,0.5,6.5,11.9,-5.7,53,81,87,58,31,,,,,,0,2026-08-03
219,SONA,Consumer Cyclical,Travel Services,22073,2340.0,114.83,4.54,-7.62,-50.1,21.9,15.2,-2.0,1.0,6.2,0.4,53,37,92,82,17,,,,,,0,2026-08-03
220,CASS,Industrials,Airports & Air Services,333876,1900.0,114.74,7.41,-2.24,-36.2,11.8,15.6,1.7,2.2,5.0,-13.9,53,34,87,59,33,,,,,,0,2026-08-03
221,BUKK,Industrials,Engineering & Construction,63286,1040.0,114.73,1.01,-17.4,-56.7,50.7,20.5,-1.9,-4.1,2.2,-20.9,53,17,34,32,63,,,,,,0,2026-08-03
222,BDKR,Industrials,Engineering & Construction,15065166,155.0,114.68,-16.0,-33.23,-16.8,27.5,51.7,2.8,4.5,10.4,-1.5,53,30,63,72,39,,,,,,0,2026-08-03
223,CINT,Consumer Cyclical,"Furnishings, Fixtures & Appliances",436146,177.0,114.54,-3.13,-4.86,-27.5,18.0,28.7,2.8,5.2,5.4,-6.5,52,56,29,54,54,,,,,,0,2026-08-03
224,SCNP,Technology,Consumer Electronics,1195270,155.0,114.54,0.62,-8.84,-30.6,13.9,21.7,-1.5,0.5,4.6,-4.5,52,49,61,74,42,,,,,,0,2026-08-03
225,KEEN,Utilities,Utilities - Independent Power Producers,8544206,875.0,114.47,-10.1,-21.66,-31.2,19.4,26.3,2.3,3.2,4.6,-8.4,52,38,63,64,49,,,,,,0,2026-08-03
226,RELI,Financial Services,Capital Markets,7323,492.0,114.36,-7.45,-10.95,-44.1,6.5,7.2,0.6,0.7,0.7,-8.9,52,16,72,66,50,,,,,,0,2026-08-03
227,KBLM,Industrials,Electrical Equipment & Parts,69893,302.0,114.35,-2.69,-1.72,-33.6,11.4,16.8,2.4,3.2,4.3,-6.1,51,43,65,73,44,,,,,,0,2026-08-03
228,BBRI,Financial Services,Banks - Regional,256609736,3040.0,114.23,11.34,16.77,-21.0,17.4,35.8,1.7,4.4,4.8,-6.9,51,65,74,68,32,,,,,,0,2026-08-03
229,APLN,Real Estate,Real Estate - Development,57889993,124.0,114.13,-7.46,35.48,-42.6,31.9,24.6,-3.9,-3.7,-2.6,-7.0,51,72,10,30,68,,,,,,0,2026-08-03
230,NCKL,Basic Materials,Other Industrial Metals & Mining,44276550,895.0,114.05,4.46,4.07,-38.9,37.8,30.1,3.3,6.6,9.6,-14.7,51,72,38,35,71,,,,,,0,2026-08-03
231,PTSN,Technology,Electronic Components,349543,276.0,113.96,18.41,30.98,-44.2,39.4,26.3,7.2,10.4,13.8,-15.7,51,74,65,48,68,,,,,,0,2026-08-03
232,PGLI,Consumer Cyclical,Lodging,565276,196.0,113.64,1.87,10.85,-63.7,49.6,15.9,0.7,0.9,4.6,-22.5,50,63,43,59,75,,,,,,0,2026-08-03
233,MDIY,Consumer Cyclical,Department Stores,555386,915.0,113.56,-2.52,-20.6,-27.8,21.3,31.3,-2.8,-2.8,4.5,-1.7,50,22,87,76,12,,,,,,0,2026-08-03
234,MAYA,Financial Services,Banks - Regional,793416,196.0,113.54,-6.69,-13.84,-39.9,18.8,19.3,-1.3,0.7,3.7,-9.1,50,29,73,59,51,,,,,,0,2026-08-03
235,IFSH,Basic Materials,Other Industrial Metals & Mining,15466,1155.0,113.51,-31.47,7.87,-63.8,57.7,17.2,-1.1,-3.9,-8.0,-22.9,50,5,4,21,73,,,,,,0,2026-08-03
236,TMAS,Industrials,Marine Shipping,3037563,121.0,113.41,-4.51,-9.52,-33.0,9.8,15.4,0.3,1.9,4.4,-4.2,50,47,73,47,39,,,,,,0,2026-08-03
237,LPCK,Real Estate,Real Estate - Development,304603,540.0,113.2,2.65,-0.39,-44.9,13.4,12.7,3.7,4.7,5.8,-12.3,49,62,47,65,55,,,,,,0,2026-08-03
238,CRSN,Industrials,Specialty Business Services,1038750,108.0,112.97,-4.13,-10.47,-39.8,18.7,19.2,2.8,5.0,7.1,-7.7,49,57,68,44,47,,,,,,0,2026-08-03
239,BBCA,Financial Services,Banks - Regional,176591823,6325.0,112.91,8.16,-0.53,-25.5,30.4,40.5,-0.6,0.6,5.1,-8.3,49,51,84,62,20,,,,,,0,2026-08-03
240,PUDP,Real Estate,Real Estate Services,50710,304.0,112.73,-21.96,-29.68,-77.7,48.1,8.5,0.7,2.0,1.8,-42.6,49,20,59,39,68,,,,,,0,2026-08-03
241,BALI,Communication Services,Telecom Services,11753,1235.0,112.67,-9.97,-11.68,-43.1,10.3,11.0,0.4,-0.6,0.0,-7.2,49,23,69,51,26,,,,,,0,2026-08-03
242,VINS,Financial Services,Insurance - Property & Casualty,211510,139.0,112.6,-9.41,-2.69,-46.5,24.1,18.2,0.1,0.1,1.7,-14.1,48,39,49,30,61,,,,,,0,2026-08-03
243,FIRE,Energy,Thermal Coal,8743950,107.0,112.44,-6.71,9.49,-58.5,48.6,18.8,-1.0,0.7,2.7,-19.0,48,33,16,7,71,,,,,,0,2026-08-03
244,AHAP,Financial Services,Insurance - Property & Casualty,19570670,92.0,112.44,-10.99,-14.38,-51.8,58.6,25.6,-2.0,-1.9,5.4,-14.9,48,48,40,14,67,,,,,,0,2026-08-03
245,GLVA,Technology,Electronics & Computer Distribution,80903,306.0,112.26,-0.37,6.93,-31.7,7.0,12.4,-0.1,2.1,0.2,-11.4,48,40,60,56,38,,,,,,0,2026-08-03
246,RSCH,Healthcare,Medical Care Facilities,23272693,322.0,112.15,4.09,-17.94,-34.3,28.8,30.0,11.7,13.5,11.5,-7.8,47,57,89,54,15,,,,,,0,2026-08-03
247,DEPO,Consumer Cyclical,Home Improvement Retail,1455493,242.0,112.09,-19.68,-18.44,-30.5,23.5,30.3,0.1,-2.4,-0.6,-5.0,47,37,27,73,57,,,,,,0,2026-08-03
248,IPAC,Real Estate,Real Estate Services,164086,162.0,111.9,-12.42,-31.18,-61.2,35.0,14.1,0.6,0.5,7.5,-13.5,47,64,71,77,57,,,,,,0,2026-08-03
249,ICBP,Consumer Defensive,Packaged Foods,3062616,6975.0,111.84,3.38,-9.1,-31.3,20.9,27.5,-0.3,2.1,6.2,-5.6,47,44,86,74,15,,,,,,0,2026-08-03
250,TBMS,Industrials,Metal Fabrication,16223,1170.0,111.69,-31.24,-35.21,-23.2,19.3,34.9,-2.3,-2.9,-3.6,-10.8,47,9,55,56,55,,,,,,0,2026-08-03
251,IRRA,Healthcare,Medical Distribution,888050,376.0,111.65,-6.3,-11.95,-26.3,13.9,25.6,0.7,0.5,1.9,-7.8,46,18,64,68,33,,,,,,0,2026-08-03
252,ASII,Industrials,Conglomerates,49543046,5100.0,111.5,2.0,8.24,-27.6,17.0,27.6,1.7,2.8,4.3,-11.8,46,60,38,50,56,,,,,,0,2026-08-03
253,IKAN,Consumer Defensive,Farm Products,22202026,84.0,111.33,16.39,12.23,-49.1,35.5,21.4,-0.4,2.0,8.4,-16.6,46,83,54,49,66,,,,,,0,2026-08-03
254,DKFT,Basic Materials,Other Industrial Metals & Mining,5551430,660.0,110.88,-26.02,-23.57,-33.3,21.1,25.8,1.2,2.4,0.8,-11.4,46,37,31,44,65,,,,,,0,2026-08-03
255,BUMI,Energy,Thermal Coal,2886840403,165.0,110.77,9.39,30.52,-64.4,54.2,16.2,-1.2,6.0,6.6,-27.0,46,84,19,6,70,,,,,,0,2026-08-03
256,APEX,Energy,Oil & Gas Drilling,19120083,150.0,110.65,10.62,35.02,-50.0,35.1,20.6,3.0,7.1,12.2,-18.3,45,89,17,29,60,,,,,,0,2026-08-03
257,PADI,Financial Services,Capital Markets,498474972,69.0,110.52,-11.22,15.78,-65.3,115.6,22.2,-7.1,-6.9,-7.3,-35.0,45,4,9,3,85,,,,,,0,2026-08-03
258,AIMS,Energy,Thermal Coal,389346,392.0,110.37,-35.18,-45.8,-52.2,35.2,19.2,6.9,0.5,-0.3,-7.4,45,6,52,78,38,,,,,,0,2026-08-03
259,ASPI,Consumer Cyclical,Residential Construction,1505513,400.0,110.34,-45.33,-22.63,-67.3,58.7,15.2,-2.8,-11.4,2.7,-26.0,45,80,79,41,65,,,,,,0,2026-08-03
260,FAST,Consumer Cyclical,Restaurants,3479126,352.0,110.17,14.53,13.99,-55.7,74.3,25.3,20.1,23.7,38.8,-17.8,44,96,92,23,54,,,,,,0,2026-08-03
261,VOKS,Industrials,Electrical Equipment & Parts,183753,206.0,110.11,-1.75,5.97,-44.9,11.4,11.1,2.8,3.7,2.8,-11.9,44,40,67,56,52,,,,,,0,2026-08-03
262,INTP,Basic Materials,Building Materials,1505870,4670.0,110.05,5.78,3.75,-31.0,16.8,24.2,1.2,2.4,7.1,-11.8,44,59,70,50,37,,,,,,0,2026-08-03
263,GOLD,Communication Services,Telecom Services,428603,262.0,109.86,-0.8,10.1,-32.8,9.2,14.7,-1.7,1.4,2.0,-10.7,44,48,59,53,47,,,,,,0,2026-08-03
264,MAIN,Consumer Defensive,Packaged Foods,2125960,675.0,109.8,-3.28,27.13,-33.0,17.3,23.0,-4.6,-2.4,-3.2,-11.0,43,58,14,68,55,,,,,,0,2026-08-03
265,CYBR,Technology,Software - Infrastructure,23042496,545.0,109.8,-23.95,-34.8,-41.4,21.1,19.8,-2.8,-5.0,-8.1,-20.4,43,3,53,33,54,,,,,,0,2026-08-03
266,SMDR,Industrials,Marine Shipping,7025430,300.0,109.75,0.51,7.58,-30.6,19.6,27.1,2.1,4.9,6.8,-7.2,43,68,51,43,41,,,,,,0,2026-08-03
267,PGAS,Utilities,Utilities - Regulated Gas,34127540,1500.0,109.58,3.34,26.13,-34.0,9.9,14.9,-1.0,0.8,-2.0,-12.4,43,56,36,57,45,,,,,,0,2026-08-03
268,PNBN,Financial Services,Banks - Regional,3757803,895.0,109.39,-4.2,-16.24,-24.7,13.0,25.9,-0.1,0.9,1.4,-7.6,43,31,60,64,25,,,,,,0,2026-08-03
269,MYOR,Consumer Defensive,Packaged Foods,5580230,1685.0,108.95,-11.77,-28.17,-29.9,9.2,16.5,-3.0,-3.0,-3.8,-12.8,43,7,67,67,26,,,,,,0,2026-08-03
270,MTMH,Healthcare,Medical Care Facilities,18230,910.0,108.88,-9.0,4.08,-35.1,8.0,12.0,-2.0,-3.0,-4.5,-14.6,42,15,68,51,51,,,,,,0,2026-08-03
271,ELIT,Technology,Information Technology Services,2622790,173.0,108.85,-7.04,-9.78,-55.4,20.1,11.9,-1.3,0.2,-0.7,-15.4,42,18,34,52,50,,,,,,0,2026-08-03
272,BVIC,Financial Services,Banks - Regional,5278003,93.0,108.78,9.97,32.65,-42.9,29.2,23.1,0.2,6.2,6.2,-12.9,42,78,52,37,51,,,,,,0,2026-08-03
273,TKIM,Basic Materials,Paper & Paper Products,2745210,6500.0,108.65,14.42,24.86,-41.6,43.7,29.9,5.8,10.7,14.0,-10.8,42,81,15,59,58,,,,,,0,2026-08-03
274,WEHA,Industrials,Railroads,6142433,105.0,108.61,-10.82,8.9,-37.1,14.1,17.3,0.7,2.2,-1.7,-10.5,41,38,49,46,39,,,,,,0,2026-08-03
275,KOBX,Industrials,Farm & Heavy Construction Machinery,12277603,161.0,108.57,-11.16,-12.25,-34.6,22.0,25.4,2.2,6.9,7.2,-4.2,41,69,21,53,49,,,,,,0,2026-08-03
276,UNTR,Basic Materials,Other Industrial Metals & Mining,4401340,23950.0,108.49,-7.14,-8.18,-23.7,14.7,29.3,-4.9,-5.5,0.8,-10.8,41,34,22,55,53,,,,,,0,2026-08-03
277,SPRE,Consumer Cyclical,"Furnishings, Fixtures & Appliances",2349910,93.0,108.33,9.62,-12.75,-73.9,55.0,11.1,6.9,10.6,17.3,-27.3,41,78,75,3,59,,,,,,0,2026-08-03
278,SICO,Energy,Oil & Gas Equipment & Services,2213913,108.0,108.3,-4.67,4.61,-26.9,14.9,26.1,-2.9,-0.8,2.0,-11.6,41,47,42,60,47,,,,,,0,2026-08-03
279,PGEO,Utilities,Utilities - Renewable,18204823,1010.0,108.17,3.72,-3.63,-42.0,30.3,24.3,-0.1,1.7,9.7,-4.3,40,70,86,64,16,,,,,,0,2026-08-03
280,BTPS,Financial Services,Banks - Regional,2452056,990.0,107.91,-4.0,-20.16,-30.8,15.8,23.5,-0.9,-1.6,1.3,-10.6,40,25,70,71,20,,,,,,0,2026-08-03
281,AISA,Consumer Defensive,Packaged Foods,21937976,118.0,107.65,10.72,10.47,-27.6,31.1,38.4,4.0,7.2,13.1,-7.8,40,85,61,66,23,,,,,,0,2026-08-03
282,DILD,Real Estate,Real Estate - Development,9073063,117.0,107.57,0.39,-0.31,-28.2,12.5,22.0,1.2,1.5,1.8,-9.6,40,53,57,49,35,,,,,,0,2026-08-03
283,MEDC,Energy,Oil & Gas E&P,49141103,1285.0,107.44,4.11,29.49,-33.8,25.4,28.3,-0.8,3.3,7.6,-8.3,39,82,19,72,51,,,,,,0,2026-08-03
284,SCMA,Communication Services,Broadcasting,47317056,208.0,107.44,0.73,5.38,-50.9,26.8,16.9,2.6,1.1,1.5,-24.6,39,34,43,37,71,,,,,,0,2026-08-03
285,ABMM,Energy,Thermal Coal,293600,2510.0,107.38,4.02,6.4,-17.3,15.7,39.3,-0.2,3.1,5.2,-7.3,39,59,42,68,28,,,,,,0,2026-08-03
286,PART,Consumer Cyclical,Auto Parts,4343823,102.0,107.34,-17.87,-42.26,-51.4,55.3,25.2,-2.5,-2.2,3.0,-12.5,39,7,45,76,30,,,,,,0,2026-08-03
287,BNBA,Financial Services,Banks - Regional,628273,740.0,107.3,-36.79,-65.64,-38.3,26.5,25.2,-0.5,-0.3,2.3,-0.2,39,13,41,47,29,,,,,,0,2026-08-03
288,TRON,Technology,Information Technology Services,25754936,109.0,107.13,5.49,16.56,-65.7,65.2,17.1,-3.0,3.1,12.1,-20.2,38,72,24,13,50,,,,,,0,2026-08-03
289,DNAR,Financial Services,Banks - Regional,2205413,124.0,107.12,-1.19,5.59,-50.0,37.8,21.5,1.8,5.8,8.3,-12.8,38,65,45,36,31,,,,,,0,2026-08-03
290,CSRA,Consumer Defensive,Farm Products,231813,745.0,106.99,-14.26,-11.06,-30.7,12.0,19.5,-4.1,-3.2,-3.6,-15.8,38,15,31,60,50,,,,,,0,2026-08-03
291,IDEA,Consumer Defensive,Education & Training Services,2323943,62.0,106.69,14.76,26.08,-62.7,34.8,13.3,0.0,-0.2,2.8,-28.1,38,50,21,10,67,,,,,,0,2026-08-03
292,PORT,Industrials,Marine Shipping,28206,865.0,106.67,-12.14,-16.28,-46.9,7.5,7.3,-1.4,-1.0,-1.0,-14.6,38,36,70,53,40,,,,,,0,2026-08-03
293,ARTA,Consumer Cyclical,Lodging,23673,2500.0,106.24,-26.28,-29.48,-35.7,28.5,28.5,0.4,0.0,4.1,-10.1,37,3,53,63,49,,,,,,0,2026-08-03
294,DATA,Communication Services,Telecom Services,4247736,2060.0,106.02,15.29,7.35,-67.8,64.8,15.7,1.6,-2.7,8.7,-39.8,37,27,81,4,74,,,,,,0,2026-08-03
295,NOBU,Financial Services,Banks - Regional,1001170,474.0,105.98,11.44,24.86,-33.2,13.9,19.7,6.0,8.3,6.9,-7.2,37,64,52,63,24,,,,,,0,2026-08-03
296,CMNP,Industrials,Infrastructure Operations,73203,1340.0,105.97,-21.91,-21.76,-31.3,8.1,14.1,-0.3,-0.7,-1.1,-5.1,37,24,16,57,40,,,,,,0,2026-08-03
297,SKRN,Industrials,Rental & Leasing Services,278583,410.0,105.89,0.6,9.88,-57.6,32.3,15.2,0.2,4.7,10.0,-16.6,37,79,46,70,42,,,,,,0,2026-08-03
298,AWAN,Communication Services,Internet Content & Information,4400176,165.0,105.69,6.4,-5.04,-40.2,23.1,21.8,7.1,10.7,12.7,-8.2,36,67,82,69,10,,,,,,0,2026-08-03
299,NAYZ,Consumer Defensive,Packaged Foods,11089973,60.0,105.59,-4.92,-22.51,-68.4,53.8,13.9,4.7,4.6,4.9,-23.3,36,28,13,80,68,,,,,,0,2026-08-03
300,TFAS,Industrials,Staffing & Employment Services,1697886,193.0,105.58,-30.99,-5.7,-52.9,62.2,25.4,2.4,3.3,-1.2,-18.7,36,7,36,43,71,,,,,,0,2026-08-03
301,PEHA,Healthcare,Drug Manufacturers - Specialty & Generic,200516,262.0,105.51,3.82,15.92,-30.5,24.8,31.2,1.1,2.5,3.6,-9.7,36,75,54,69,24,,,,,,0,2026-08-03
302,SSIA,Industrials,Engineering & Construction,17138043,1650.0,105.37,-32.95,-18.12,-42.7,47.2,30.1,-1.6,2.3,3.6,2.4,35,54,62,71,16,,,,,,0,2026-08-03
303,CLEO,Consumer Defensive,Beverages - Non-Alcoholic,3913726,386.0,105.36,-0.01,-6.4,-36.8,20.7,22.7,1.4,1.4,2.4,-10.2,35,19,74,67,14,,,,,,0,2026-08-03
304,EXCL,Communication Services,Telecom Services,4854080,2440.0,105.25,-13.04,10.67,-45.7,6.8,7.0,-1.6,-2.5,-4.7,-17.0,35,20,25,24,53,,,,,,0,2026-08-03
305,FMII,Real Estate,Real Estate - Development,82576,252.0,104.49,-12.0,-44.14,-43.5,22.3,19.2,1.4,1.0,2.8,-9.6,35,12,72,66,18,,,,,,0,2026-08-03
306,ZYRX,Technology,Computer Hardware,528510,121.0,104.45,-13.36,-8.09,-33.0,4.3,7.7,-4.4,-5.2,-6.1,-15.9,35,5,43,49,36,,,,,,0,2026-08-03
307,ECII,Consumer Cyclical,Specialty Retail,6675223,160.0,104.36,25.68,39.32,-39.8,44.1,31.6,2.1,8.7,15.5,-12.4,34,95,54,60,22,,,,,,0,2026-08-03
308,TEBE,Industrials,Infrastructure Operations,1142960,1095.0,104.2,-19.67,-27.76,-73.2,38.6,9.3,2.4,5.3,8.3,-30.9,34,56,41,20,80,,,,,,0,2026-08-03
309,INDO,Consumer Cyclical,Lodging,29746006,176.0,104.08,-0.59,-8.96,-66.2,23.9,9.0,2.0,3.3,7.1,-24.4,34,65,90,8,28,,,,,,0,2026-08-03
310,KKGI,Energy,Thermal Coal,949056,276.0,103.99,-0.18,8.13,-24.7,31.4,42.1,-0.1,1.9,4.6,-8.3,34,46,57,62,23,,,,,,0,2026-08-03
311,SMKL,Consumer Cyclical,Packaging & Containers,750586,141.0,103.98,-5.58,-7.11,-25.6,29.4,39.7,-1.3,1.9,3.3,-11.4,34,38,39,52,34,,,,,,0,2026-08-03
312,MBAP,Energy,Thermal Coal,39603,1420.0,103.88,-4.94,-0.69,-25.8,20.3,32.7,-0.1,2.4,1.2,-11.0,33,22,35,65,26,,,,,,0,2026-08-03
313,APLI,Consumer Cyclical,Packaging & Containers,200083,248.0,103.54,1.89,-0.81,-43.5,37.1,26.0,1.1,0.9,-0.6,-16.2,33,25,91,49,8,,,,,,0,2026-08-03
314,ANTM,Basic Materials,Gold,98840056,2880.0,103.5,-15.49,-14.42,-35.1,22.2,25.1,-3.0,-2.6,2.1,-9.9,33,31,18,50,44,,,,,,0,2026-08-03
315,LION,Industrials,Business Equipment & Supplies,322896,356.0,103.44,12.24,28.54,-57.6,16.3,9.4,0.8,4.4,5.0,-14.3,33,68,47,58,36,,,,,,0,2026-08-03
316,GWSA,Real Estate,Real Estate - Development,1429486,130.0,103.29,-6.41,-14.85,-48.8,21.5,15.6,2.8,6.3,7.1,-14.1,32,60,44,18,48,,,,,,0,2026-08-03
317,BRIS,Financial Services,Banks - Regional,13026130,1820.0,102.9,5.37,5.62,-35.4,12.7,17.0,-1.1,0.8,0.6,-13.9,32,46,73,61,12,,,,,,0,2026-08-03
318,INPC,Financial Services,Banks - Regional,4870353,140.0,102.86,-1.81,-7.15,-54.2,29.6,16.2,1.0,3.1,5.4,-11.7,32,60,50,28,32,,,,,,0,2026-08-03
319,JSMR,Industrials,Infrastructure Operations,6878826,2740.0,102.42,-9.81,-19.0,-29.0,6.6,13.2,0.7,0.7,-0.7,-12.8,32,21,55,62,21,,,,,,0,2026-08-03
320,GPRA,Real Estate,Real Estate - Development,55469810,102.0,102.38,-2.04,7.56,-36.0,7.3,10.8,-0.9,0.4,1.0,-12.4,32,31,50,51,25,,,,,,0,2026-08-03
321,VAST,Real Estate,Real Estate Services,1446873,117.0,101.96,-14.1,-24.46,-50.0,18.2,13.3,0.5,1.3,1.1,-14.2,31,22,60,39,27,,,,,,0,2026-08-03
322,BBYB,Financial Services,Banks - Regional,23553440,264.0,101.74,11.41,17.23,-55.3,37.5,18.1,5.6,10.7,12.2,-23.2,31,87,46,20,56,,,,,,0,2026-08-03
323,TNCA,Industrials,Integrated Freight & Logistics,4279866,167.0,101.54,6.09,15.9,-45.1,33.6,23.5,8.6,14.8,14.8,-17.0,31,90,29,35,54,,,,,,0,2026-08-03
324,HELI,Industrials,Airports & Air Services,1323696,183.0,101.51,-7.11,-27.74,-30.7,34.6,36.7,-0.7,-0.2,2.8,-12.6,31,18,62,57,15,,,,,,0,2026-08-03
325,RANC,Consumer Defensive,Grocery Stores,72550,520.0,101.43,-30.64,-50.53,-53.8,28.7,16.1,0.6,-0.6,-0.3,-27.1,31,4,58,25,62,,,,,,0,2026-08-03
326,INDR,Consumer Cyclical,Textile Manufacturing,34810,2300.0,101.07,8.72,8.73,-40.6,36.9,28.3,14.7,13.4,14.1,-14.9,30,81,40,61,37,,,,,,0,2026-08-03
327,JAWA,Consumer Defensive,Farm Products,7237150,130.0,101.05,7.71,29.07,-42.0,27.5,23.0,6.7,10.3,9.1,-17.6,30,79,39,35,34,,,,,,0,2026-08-03
328,NRCA,Industrials,Engineering & Construction,4765166,496.0,100.87,2.14,4.05,-73.0,40.1,9.6,-0.3,4.3,10.7,-35.7,30,78,51,11,63,,,,,,0,2026-08-03
329,DIVA,Technology,Software - Application,15435923,122.0,100.41,-6.51,9.57,-46.5,34.1,22.6,-0.1,4.9,5.3,-21.3,30,77,27,43,56,,,,,,0,2026-08-03
330,PDPP,Consumer Cyclical,Packaging & Containers,303086,308.0,100.3,7.62,-1.75,-39.7,41.2,30.7,12.4,14.7,16.7,-5.0,29,72,60,74,9,,,,,,0,2026-08-03
331,BYAN,Energy,Thermal Coal,80050,12025.0,100.24,-1.36,-27.72,-35.9,29.4,28.9,-0.4,2.2,9.9,-13.3,29,28,80,44,10,,,,,,0,2026-08-03
332,RAAM,Communication Services,Entertainment,1013390,204.0,100.21,-19.53,-43.49,-44.3,29.9,22.5,-2.2,-0.4,0.1,-10.4,29,13,56,59,19,,,,,,0,2026-08-03
333,YUPI,Consumer Defensive,Confectioners,364850,1310.0,100.13,-4.11,4.41,-32.7,9.6,15.3,0.1,-2.0,-3.2,-13.5,29,48,45,62,17,,,,,,0,2026-08-03
334,ASRI,Real Estate,Real Estate - Development,15640653,117.0,100.08,1.28,-3.3,-37.6,22.2,23.2,-2.7,-2.2,3.0,-18.3,29,58,55,30,38,,,,,,0,2026-08-03
335,INET,Communication Services,Telecom Services,147518970,234.0,100.04,2.37,-2.5,-75.0,49.0,9.9,2.9,8.1,13.0,-35.8,28,79,18,13,63,,,,,,0,2026-08-03
336,VICO,Financial Services,Asset Management,285776,141.0,99.47,-4.6,-5.22,-38.2,11.9,14.7,0.3,2.6,2.4,-17.0,28,45,43,42,31,,,,,,0,2026-08-03
337,CAKK,Industrials,Building Products & Equipment,541436,134.0,99.37,-13.46,-2.88,-33.0,12.6,18.5,-0.9,-1.5,-3.5,-18.5,28,24,27,42,43,,,,,,0,2026-08-03
338,HRUM,Basic Materials,Other Industrial Metals & Mining,6248676,835.0,98.81,7.33,18.95,-36.0,30.5,29.3,1.5,4.9,7.9,-15.8,28,76,41,32,43,,,,,,0,2026-08-03
339,MLPL,Consumer Cyclical,Department Stores,42288913,97.0,98.66,6.86,4.83,-60.6,38.6,15.3,2.8,8.9,15.8,-18.4,28,84,67,29,41,,,,,,0,2026-08-03
340,MBMA,Basic Materials,Other Precious Metals & Mining,90258713,505.0,98.55,-23.96,-33.6,-44.2,23.2,19.2,-1.3,-0.7,2.2,-18.2,27,9,20,33,44,,,,,,0,2026-08-03
341,MIDI,Consumer Defensive,Grocery Stores,5830350,284.0,98.51,-6.11,-8.57,-38.1,13.7,16.4,-0.8,-0.3,0.7,-12.6,27,26,50,61,18,,,,,,0,2026-08-03
342,CITA,Basic Materials,Other Industrial Metals & Mining,71706,3250.0,98.36,-6.57,-9.95,-34.3,21.7,25.5,-1.0,1.7,4.8,-13.7,27,52,41,40,33,,,,,,0,2026-08-03
343,IMAS,Consumer Cyclical,Auto & Truck Dealerships,654193,855.0,98.07,0.26,15.72,-38.0,12.3,15.2,-0.2,2.4,1.0,-18.4,27,64,22,46,38,,,,,,0,2026-08-03
344,MNCN,Communication Services,Advertising Agencies,26343660,210.0,98.03,-14.26,-22.92,-32.7,5.0,8.9,0.5,1.4,1.6,-12.6,26,30,33,45,26,,,,,,0,2026-08-03
345,WAPO,Consumer Defensive,Packaged Foods,433833,121.0,97.92,4.48,6.08,-58.6,31.5,14.5,0.1,3.0,5.9,-21.9,26,70,57,32,21,,,,,,0,2026-08-03
346,BWPT,Consumer Defensive,Packaged Foods,105648850,89.0,97.89,7.09,12.74,-49.7,36.9,21.4,11.0,14.3,14.9,-28.3,26,83,12,25,70,,,,,,0,2026-08-03
347,TOWR,Real Estate,Real Estate Services,42199330,404.0,97.61,2.71,-6.44,-39.2,27.8,25.3,-0.7,2.9,7.3,-15.7,26,49,37,48,19,,,,,,0,2026-08-03
348,PALM,Financial Services,Asset Management,361896,292.0,97.57,-7.94,-2.0,-34.1,12.6,17.8,-4.5,-2.8,-4.7,-18.7,26,13,32,43,29,,,,,,0,2026-08-03
349,PWON,Real Estate,Real Estate - Diversified,44856400,266.0,97.48,2.3,3.46,-28.4,16.0,25.8,-0.4,1.1,3.5,-15.5,25,59,37,49,20,,,,,,0,2026-08-03
350,HAJJ,Consumer Cyclical,Travel Services,8136833,106.0,97.38,-12.65,-27.48,-35.8,21.8,24.4,1.6,2.3,1.6,-14.7,25,26,21,45,27,,,,,,0,2026-08-03
351,CBUT,Consumer Defensive,Packaged Foods,172496,825.0,97.36,7.24,-15.01,-56.2,83.3,26.1,1.2,2.4,18.6,-16.8,25,49,66,42,22,,,,,,0,2026-08-03
352,FWCT,Basic Materials,Lumber & Wood Production,23090513,93.0,97.26,26.16,25.63,-45.6,52.5,29.1,1.6,6.7,16.0,-21.7,25,86,79,34,12,,,,,,0,2026-08-03
353,MIKA,Healthcare,Medical Care Facilities,5878663,1765.0,96.91,-5.96,-19.93,-32.0,26.4,30.7,1.1,2.0,7.2,-15.9,25,30,53,50,13,,,,,,0,2026-08-03
354,HERO,Consumer Cyclical,Department Stores,537886,334.0,96.45,1.35,14.25,-56.9,12.1,7.5,-2.7,-0.2,-0.3,-23.6,24,58,48,46,28,,,,,,0,2026-08-03
355,WIFI,Technology,Information Technology Services,19289890,2000.0,96.4,4.55,13.93,-52.9,46.7,22.1,-0.1,5.8,11.5,-23.0,24,74,54,31,41,,,,,,0,2026-08-03
356,AVIA,Basic Materials,Specialty Chemicals,12817803,324.0,96.06,-3.33,-1.47,-35.6,12.5,16.7,-0.9,-0.2,0.8,-17.5,24,37,31,40,20,,,,,,0,2026-08-03
357,PTRO,Basic Materials,Other Industrial Metals & Mining,38786230,4710.0,96.0,-15.92,-8.35,-63.5,36.9,13.4,2.0,9.8,14.7,-29.7,24,85,37,6,57,,,,,,0,2026-08-03
358,CCSI,Technology,Communication Equipment,95360,240.0,95.1,-15.79,-33.24,-40.9,16.5,17.0,-3.1,-3.7,-2.7,-19.1,24,12,57,34,18,,,,,,0,2026-08-03
359,AMRT,Consumer Defensive,Grocery Stores,41929260,1325.0,95.05,-6.67,-21.37,-43.5,18.8,17.0,-2.3,-3.2,-1.5,-18.2,23,7,69,38,8,,,,,,0,2026-08-03
360,CPIN,Consumer Defensive,Farm Products,11481810,3290.0,94.81,-1.54,16.94,-34.1,7.5,11.9,2.8,4.4,-2.2,-18.3,23,37,34,51,16,,,,,,0,2026-08-03
361,BESS,Industrials,Marine Shipping,149773,900.0,94.77,-5.15,-6.64,-51.9,7.7,6.2,0.4,-0.9,-3.2,-30.9,23,6,24,20,29,,,,,,0,2026-08-03
362,BUKA,Consumer Cyclical,Internet Retail,226284346,118.0,94.75,6.35,19.17,-39.5,24.2,23.0,2.3,9.3,7.6,-18.2,23,79,15,48,36,,,,,,0,2026-08-03
363,TBIG,Communication Services,Telecom Services,767966,1445.0,94.73,-11.37,-21.26,-46.8,14.5,12.6,2.3,2.0,2.7,-15.9,22,25,25,38,18,,,,,,0,2026-08-03
364,BBLD,Financial Services,Credit Services,155290,590.0,94.04,9.82,20.93,-47.4,13.5,11.7,-1.4,3.8,1.9,-23.8,22,60,47,29,21,,,,,,0,2026-08-03
365,DART,Real Estate,Real Estate Services,953493,126.0,93.93,-11.9,-19.19,-42.7,13.5,13.8,-0.2,1.4,2.5,-19.7,22,42,19,31,31,,,,,,0,2026-08-03
366,PTIS,Industrials,Marine Shipping,43126,270.0,93.91,-9.8,2.49,-39.2,13.4,15.5,0.7,0.4,-4.0,-17.5,22,13,47,50,13,,,,,,0,2026-08-03
367,TMPO,Communication Services,Publishing,5831966,113.0,93.88,1.86,4.28,-57.8,28.4,13.9,5.0,7.6,7.0,-19.3,22,68,46,32,19,,,,,,0,2026-08-03
368,SULI,Basic Materials,Lumber & Wood Production,6987616,89.0,93.66,-3.7,-2.74,-47.0,21.9,16.8,-0.6,6.0,9.4,-21.9,21,75,51,28,24,,,,,,0,2026-08-03
369,IMJS,Industrials,Conglomerates,2724713,158.0,93.54,8.31,13.13,-63.8,32.0,12.1,4.7,7.9,10.7,-24.1,21,73,40,28,26,,,,,,0,2026-08-03
370,SAPX,Industrials,Integrated Freight & Logistics,364550,212.0,93.45,0.83,-7.97,-43.0,8.7,9.6,-1.3,-0.1,0.5,-20.3,21,34,48,38,12,,,,,,0,2026-08-03
371,GEMS,Energy,Thermal Coal,65943,6475.0,93.22,2.96,20.43,-31.1,14.6,22.0,-1.1,0.0,-1.2,-18.5,21,50,23,56,15,,,,,,0,2026-08-03
372,BRPT,Basic Materials,Chemicals,212199366,1845.0,93.21,-18.75,12.38,-56.8,47.8,19.7,3.0,7.8,12.3,-24.6,21,85,58,33,31,,,,,,0,2026-08-03
373,CHIP,Communication Services,Telecom Services,122303,915.0,93.16,-4.06,-6.59,-42.5,1.8,2.4,-0.8,-1.7,-2.7,-21.8,20,14,51,45,14,,,,,,0,2026-08-03
374,PIPA,Industrials,Building Products & Equipment,48802186,120.0,93.14,-20.77,-8.59,-80.8,106.9,10.9,0.8,-0.2,4.3,-41.7,20,66,48,10,69,,,,,,0,2026-08-03
375,ARTO,Financial Services,Banks - Regional,10137396,1220.0,93.02,19.49,23.82,-48.3,51.6,26.7,-3.7,0.2,12.0,-23.0,20,92,62,31,13,,,,,,0,2026-08-03
376,SMGA,Basic Materials,Other Industrial Metals & Mining,10932780,71.0,92.89,1.59,1.26,-50.0,31.5,19.3,-0.4,2.7,5.2,-25.7,20,53,25,22,33,,,,,,0,2026-08-03
377,KLIN,Consumer Cyclical,Home Improvement Retail,337226,120.0,92.84,16.27,36.15,-40.0,26.3,23.8,2.2,10.7,12.7,-20.0,19,86,17,35,32,,,,,,0,2026-08-03
378,OBMD,Basic Materials,Specialty Chemicals,1038236,180.0,92.5,6.97,21.87,-47.1,16.9,14.0,-8.4,-3.7,0.4,-24.5,19,64,22,26,34,,,,,,0,2026-08-03
379,RCCC,Industrials,Trucking,833180,100.0,92.43,8.8,18.99,-63.0,28.2,11.5,5.2,8.3,10.4,-31.1,19,76,61,23,34,,,,,,0,2026-08-03
380,NAIK,Basic Materials,Building Materials,3226490,87.0,92.1,0.48,-6.73,-48.5,24.3,17.2,-0.6,0.6,2.6,-16.1,19,50,52,37,7,,,,,,0,2026-08-03
381,CTRA,Real Estate,Real Estate - Development,17346386,575.0,91.79,0.23,0.0,-42.9,15.8,15.4,0.4,2.3,3.5,-18.9,19,54,44,37,11,,,,,,0,2026-08-03
382,TRJA,Industrials,Rental & Leasing Services,1028416,112.0,90.85,-9.6,-10.04,-43.4,12.0,12.2,0.5,0.3,0.1,-21.9,18,46,38,29,22,,,,,,0,2026-08-03
383,OKAS,Basic Materials,Specialty Chemicals,1406156,102.0,90.65,-2.94,-4.44,-71.0,29.1,8.4,0.1,1.1,2.3,-19.9,18,35,32,40,16,,,,,,0,2026-08-03
384,DGWG,Basic Materials,Agricultural Inputs,10855373,284.0,90.6,-11.08,-24.63,-48.6,3.7,3.6,0.5,-0.2,-3.3,-20.7,18,9,13,51,14,,,,,,0,2026-08-03
385,BBHI,Financial Services,Banks - Regional,152896,945.0,90.53,-15.85,-12.76,-41.4,22.1,20.4,2.8,2.7,2.5,-25.0,18,27,15,31,36,,,,,,0,2026-08-03
386,BMTR,Communication Services,Entertainment,32500426,118.0,90.24,-20.84,-20.52,-38.9,15.7,17.6,0.6,1.7,0.4,-15.3,18,32,8,37,32,,,,,,0,2026-08-03
387,SOLA,Industrials,Engineering & Construction,4602060,96.0,90.13,-10.52,-1.37,-48.7,24.7,17.3,-8.8,-7.6,-6.7,-22.2,17,8,26,29,22,,,,,,0,2026-08-03
388,SMDM,Real Estate,Real Estate - Development,141056,555.0,89.99,-10.34,-37.44,-56.0,23.9,13.2,-2.2,-2.0,2.7,-20.7,17,14,50,34,11,,,,,,0,2026-08-03
389,JIHD,Consumer Cyclical,Lodging,378446,420.0,89.75,-0.08,-11.88,-47.2,17.3,14.2,-2.6,-0.8,-0.2,-21.3,17,32,30,36,11,,,,,,0,2026-08-03
390,SSMS,Consumer Defensive,Packaged Foods,12036170,1000.0,89.49,14.84,9.18,-41.6,49.3,31.6,4.8,11.1,22.3,-22.2,17,93,21,39,19,,,,,,0,2026-08-03
391,KLAS,Industrials,Marine Shipping,7006760,75.0,89.21,6.74,5.94,-52.5,44.2,21.7,3.4,6.5,9.4,-23.1,16,67,56,41,6,,,,,,0,2026-08-03
392,BRMS,Basic Materials,Other Industrial Metals & Mining,455454406,560.0,89.2,-9.96,3.95,-57.3,33.3,15.7,-3.2,1.3,0.4,-35.1,16,70,11,11,63,,,,,,0,2026-08-03
393,MHKI,Industrials,Waste Management,7264023,134.0,88.72,-9.57,-16.61,-56.1,45.8,19.8,-1.8,1.4,7.3,-30.0,16,65,18,21,52,,,,,,0,2026-08-03
394,PICO,Consumer Cyclical,Packaging & Containers,436930,127.0,88.64,-17.46,-3.48,-64.3,14.4,6.5,-1.2,-0.7,-1.9,-30.4,16,31,24,22,42,,,,,,0,2026-08-03
395,KOPI,Energy,Oil & Gas Refining & Marketing,2724866,212.0,88.55,12.71,3.68,-43.6,60.6,32.8,3.8,7.8,13.0,-18.6,16,76,37,41,7,,,,,,0,2026-08-03
396,ASSA,Industrials,Rental & Leasing Services,5079676,610.0,88.47,1.52,-2.01,-49.0,23.1,16.3,0.5,0.7,1.8,-31.3,15,35,16,19,28,,,,,,0,2026-08-03
397,UDNG,Consumer Defensive,Farm Products,1063830,1070.0,88.32,-22.63,77.31,-79.4,42.7,7.2,-9.9,-14.2,-17.7,-54.1,15,1,31,2,53,,,,,,0,2026-08-03
398,DOID,Energy,Thermal Coal,2306496,218.0,88.31,7.73,2.51,-46.6,14.7,12.8,-0.7,3.7,6.0,-21.6,15,63,49,25,9,,,,,,0,2026-08-03
399,ADHI,Industrials,Engineering & Construction,5304133,159.0,88.26,4.24,2.04,-46.3,17.8,14.9,-2.5,-1.2,-0.9,-26.5,15,36,49,25,10,,,,,,0,2026-08-03
400,AREA,Technology,Information Technology Services,1245536,282.0,88.22,17.86,8.65,-55.2,39.6,18.7,-1.8,7.1,18.3,-28.2,15,91,54,21,14,,,,,,0,2026-08-03
401,AGRO,Financial Services,Banks - Regional,4790943,147.0,87.56,2.65,10.13,-42.1,18.5,17.7,-0.7,0.8,-0.7,-25.2,14,55,29,26,13,,,,,,0,2026-08-03
402,LOPI,Industrials,Integrated Freight & Logistics,4546523,62.0,87.08,-4.23,58.67,-68.4,55.0,14.1,0.8,4.3,-4.8,-44.5,14,69,1,5,78,,,,,,0,2026-08-03
403,CENT,Communication Services,Telecom Services,5558603,81.0,86.54,3.14,3.99,-54.0,35.0,18.1,-0.7,3.1,6.8,-29.9,14,71,28,16,21,,,,,,0,2026-08-03
404,PURI,Real Estate,Real Estate - Development,1830696,136.0,86.51,-11.34,-36.4,-87.7,15.3,1.8,-1.2,-0.3,1.0,-43.5,14,33,25,16,18,,,,,,0,2026-08-03
405,PANR,Consumer Cyclical,Travel Services,103960,418.0,86.47,-4.92,-1.88,-59.6,5.6,3.4,1.5,2.6,-2.5,-22.4,13,27,38,47,3,,,,,,0,2026-08-03
406,KRAS,Basic Materials,Steel,6065883,224.0,85.51,-9.29,-0.98,-47.2,34.9,22.5,-2.7,-0.6,6.2,-26.1,13,68,17,27,16,,,,,,0,2026-08-03
407,KLBF,Healthcare,Drug Manufacturers - General,81787823,725.0,85.24,-3.53,-15.18,-50.6,9.0,7.5,0.3,-0.3,-1.5,-26.4,13,10,40,25,4,,,,,,0,2026-08-03
408,RATU,Energy,Oil & Gas E&P,8431113,5150.0,84.88,-27.1,-40.66,-57.1,38.1,17.1,3.1,0.3,6.3,-25.9,13,11,36,24,13,,,,,,0,2026-08-03
409,AKSI,Industrials,Trucking,690953,228.0,84.85,-10.86,0.74,-58.2,31.8,14.8,-0.1,2.2,5.0,-32.3,13,41,12,17,25,,,,,,0,2026-08-03
410,PNSE,Consumer Cyclical,Resorts & Casinos,9766,490.0,84.66,-4.81,22.16,-48.1,0.0,0.0,-0.8,-2.1,-5.7,-25.9,12,6,20,27,9,,,,,,0,2026-08-03
411,PEGE,Financial Services,Capital Markets,29896202,96.0,83.87,-32.62,-48.21,-67.6,7.9,3.4,4.9,-2.7,-9.4,-40.1,12,0,9,9,30,,,,,,0,2026-08-03
412,BSDE,Real Estate,Real Estate - Development,14093026,570.0,83.44,0.34,5.55,-51.3,5.6,4.8,-1.1,0.2,-2.7,-29.3,12,32,20,24,17,,,,,,0,2026-08-03
413,OBAT,Consumer Defensive,Packaged Foods,339070,246.0,83.17,5.46,9.52,-52.7,27.5,16.2,-1.0,0.1,1.1,-29.0,12,38,16,32,15,,,,,,0,2026-08-03
414,CBDK,Real Estate,Real Estate Services,1472976,3790.0,81.43,2.45,0.62,-59.7,20.9,10.4,4.8,7.6,6.0,-32.1,12,60,32,14,9,,,,,,0,2026-08-03
415,JECC,Industrials,Electrical Equipment & Parts,612753,620.0,81.35,-5.05,-21.41,-59.2,40.5,16.6,-0.6,-1.7,3.6,-30.7,11,4,10,22,23,,,,,,0,2026-08-03
416,LPLI,Real Estate,Real Estate Services,340033,244.0,81.35,-13.32,-16.59,-72.9,11.9,3.8,-3.5,-1.0,0.6,-34.7,11,51,22,26,30,,,,,,0,2026-08-03
417,SNLK,Consumer Cyclical,Lodging,12830020,220.0,80.96,-11.22,-35.12,-58.1,2.8,1.9,-1.0,-0.8,-3.4,-29.8,11,10,50,24,3,,,,,,0,2026-08-03
418,JSPT,Real Estate,Real Estate Services,20153,1470.0,80.6,1.89,-28.95,-67.2,34.3,11.1,3.0,4.3,11.7,-34.0,11,53,81,15,2,,,,,,0,2026-08-03
419,SMBR,Basic Materials,Building Materials,3222800,163.0,80.49,6.45,9.02,-47.4,23.5,17.5,0.7,3.7,4.7,-29.5,10,66,19,21,8,,,,,,0,2026-08-03
420,PPRI,Consumer Cyclical,Packaging & Containers,1752343,149.0,80.43,2.95,-10.52,-70.8,30.7,8.8,-0.9,1.0,4.1,-39.3,10,54,24,9,35,,,,,,0,2026-08-03
421,GMTD,Real Estate,Real Estate - Development,33763,1280.0,80.22,-9.76,-8.1,-61.6,4.9,2.8,-0.9,-2.2,-9.2,-34.2,10,17,32,16,5,,,,,,0,2026-08-03
422,WOOD,Consumer Cyclical,"Furnishings, Fixtures & Appliances",4364656,236.0,80.13,-0.18,10.93,-61.6,26.9,11.7,7.1,12.5,5.9,-28.8,10,64,23,31,8,,,,,,0,2026-08-03
423,GPSO,Technology,Scientific & Technical Instruments,35553290,304.0,80.13,-28.91,-2.96,-77.1,20.6,4.8,-0.7,-0.1,-18.1,-43.4,10,25,53,12,19,,,,,,0,2026-08-03
424,NICE,Basic Materials,Other Industrial Metals & Mining,940283,252.0,80.05,-12.42,-8.95,-49.4,7.7,6.8,1.0,-1.0,-3.0,-27.1,9,18,27,18,6,,,,,,0,2026-08-03
425,KIJA,Real Estate,Real Estate - Development,81269416,130.0,79.94,-5.13,-13.03,-63.3,17.1,7.8,-0.3,0.2,5.4,-28.5,9,57,12,8,17,,,,,,0,2026-08-03
426,LINK,Communication Services,Telecom Services,29593,1405.0,79.91,-5.17,-20.24,-71.3,27.7,8.0,-0.5,-0.9,2.1,-41.3,9,8,20,6,34,,,,,,0,2026-08-03
427,LCKM,Communication Services,Telecom Services,17871470,109.0,79.9,8.58,4.05,-69.0,29.8,9.3,-1.2,-0.0,-2.9,-40.5,9,29,59,5,6,,,,,,0,2026-08-03
428,EMTK,Communication Services,Broadcasting,39718596,530.0,79.81,1.36,11.85,-65.7,10.0,4.5,0.4,1.6,-2.9,-41.5,9,26,6,18,52,,,,,,0,2026-08-03
429,DMMX,Communication Services,Advertising Agencies,4130906,186.0,79.61,5.43,-4.38,-56.1,42.4,18.9,5.7,10.5,13.8,-30.2,8,81,40,19,5,,,,,,0,2026-08-03
430,HOMI,Real Estate,Real Estate - Development,2114370,177.0,78.92,-13.26,-10.23,-77.7,2.3,0.6,-0.4,-1.7,-5.9,-48.8,8,11,22,3,27,,,,,,0,2026-08-03
431,AMMN,Basic Materials,Other Precious Metals & Mining,78427560,4100.0,78.16,9.01,4.75,-53.4,41.4,20.3,0.6,6.3,14.7,-28.2,8,89,31,17,4,,,,,,0,2026-08-03
432,BEER,Consumer Defensive,Beverages - Wineries & Distilleries,4631500,76.0,77.85,-7.09,35.15,-70.8,8.6,3.2,-1.3,-3.2,-7.8,-46.6,8,25,3,5,46,,,,,,0,2026-08-03
433,TOBA,Energy,Thermal Coal,9194356,466.0,77.63,10.09,24.22,-66.6,48.4,14.1,-0.7,4.6,12.3,-30.2,7,90,26,24,10,,,,,,0,2026-08-03
434,NIKL,Industrials,Metal Fabrication,4009196,196.0,77.47,-2.45,17.88,-58.3,15.3,8.7,3.1,4.9,-1.7,-37.9,7,63,11,13,24,,,,,,0,2026-08-03
435,PTPP,Industrials,Engineering & Construction,5301220,202.0,76.46,10.6,12.62,-52.4,18.1,12.3,-2.7,-0.4,2.9,-33.5,7,73,28,17,4,,,,,,0,2026-08-03
436,TCPI,Industrials,Marine Shipping,5174193,5050.0,76.24,-39.23,23.68,-62.6,0.0,0.0,-7.2,-13.5,-34.7,-45.5,7,0,1,16,35,,,,,,0,2026-08-03
437,FLMC,Consumer Defensive,Household & Personal Products,3762840,73.0,75.91,15.34,213.26,-77.3,55.3,9.5,1.0,17.0,-17.8,-49.5,7,95,2,7,66,,,,,,0,2026-08-03
438,SMGR,Basic Materials,Building Materials,16956640,1460.0,75.69,7.41,22.01,-53.7,4.7,3.7,-1.5,-0.4,-4.8,-36.3,6,33,11,22,7,,,,,,0,2026-08-03
439,SMKM,Industrials,Engineering & Construction,4917693,69.0,74.62,-1.66,37.04,-76.7,16.9,4.2,0.6,1.8,0.2,-41.6,6,66,16,3,32,,,,,,0,2026-08-03
440,BABY,Consumer Cyclical,Apparel Retail,3560940,191.0,74.61,-9.84,-39.07,-64.3,83.7,20.2,0.0,4.1,10.3,-28.6,6,69,5,27,12,,,,,,0,2026-08-03
441,MITI,Industrials,Marine Shipping,1806970,162.0,73.91,-8.37,11.91,-63.5,18.2,8.1,-2.0,-4.5,-4.4,-41.2,6,22,8,6,30,,,,,,0,2026-08-03
442,PACK,Consumer Cyclical,Packaging & Containers,88053223,248.0,73.7,-1.08,7.44,-94.0,71.0,2.6,9.0,11.6,1.9,-73.7,6,35,78,52,0,,,,,,0,2026-08-03
443,HEAL,Healthcare,Medical Care Facilities,8228826,800.0,73.16,-6.69,-1.13,-54.0,4.6,3.6,-1.7,-6.8,-8.0,-34.0,5,6,10,23,6,,,,,,0,2026-08-03
444,WIRG,Technology,Information Technology Services,52852740,57.0,73.14,1.45,10.23,-74.6,14.0,4.0,0.2,4.5,2.5,-33.5,5,54,12,20,10,,,,,,0,2026-08-03
445,PANI,Real Estate,Real Estate - Development,4236316,6250.0,71.23,-4.81,-6.22,-62.5,8.8,4.6,0.6,2.4,-3.0,-37.6,5,38,15,19,3,,,,,,0,2026-08-03
446,BNLI,Financial Services,Banks - Regional,107760,2170.0,71.2,-31.78,-21.26,-63.3,0.0,0.0,-6.5,-7.5,-17.2,-44.0,5,4,7,8,21,,,,,,0,2026-08-03
447,PYFA,Healthcare,Drug Manufacturers - Specialty & Generic,10735773,210.0,70.55,-1.93,3.49,-67.4,22.8,8.2,0.7,1.1,1.8,-45.3,4,38,6,11,24,,,,,,0,2026-08-03
448,KPIG,Real Estate,Real Estate Services,111677760,83.0,67.71,-6.23,-5.47,-71.0,15.3,5.1,-0.5,0.9,-1.0,-36.3,4,70,14,2,4,,,,,,0,2026-08-03
449,BKSL,Real Estate,Real Estate - Development,152091143,68.0,67.07,3.62,11.15,-62.8,23.6,10.2,-1.2,2.6,2.9,-40.2,4,67,7,8,6,,,,,,0,2026-08-03
450,DAAZ,Basic Materials,Other Industrial Metals & Mining,306323,1520.0,66.94,-9.0,-27.93,-66.0,5.8,2.7,-1.5,-0.4,-4.4,-37.2,4,8,8,16,2,,,,,,0,2026-08-03
451,UNIQ,Energy,Thermal Coal,4131826,111.0,64.12,2.8,-9.46,-77.7,32.1,6.5,0.2,2.7,7.7,-51.6,4,50,33,4,1,,,,,,0,2026-08-03
452,SHIP,Energy,Oil & Gas Equipment & Services,56880,2040.0,63.88,5.5,13.92,-71.6,46.2,11.1,12.6,16.3,21.7,-45.3,3,76,4,11,11,,,,,,0,2026-08-03
453,BREN,Utilities,Utilities - Renewable,41817533,3350.0,63.79,1.65,4.4,-67.2,40.9,12.4,-3.0,-1.6,-2.8,-50.7,3,28,13,4,4,,,,,,0,2026-08-03
454,MINE,Basic Materials,Other Industrial Metals & Mining,1042830,222.0,63.17,-0.27,0.05,-64.8,11.0,5.1,1.2,0.6,-0.1,-41.4,3,46,6,9,3,,,,,,0,2026-08-03
455,KRYA,Industrials,Engineering & Construction,33959476,59.0,62.27,-14.34,-32.18,-78.1,18.0,4.1,-0.8,-0.5,1.6,-46.3,3,44,25,7,1,,,,,,0,2026-08-03
456,MCAS,Industrials,Business Equipment & Supplies,10273233,264.0,61.68,27.18,36.55,-75.7,78.4,12.4,19.3,39.5,32.1,-44.9,3,98,18,10,1,,top2,,,,1,2026-08-03
457,APIC,Financial Services,Insurance - Life,20766333,660.0,59.07,-10.7,7.06,-66.2,28.2,10.1,-1.5,-0.6,-8.2,-45.2,2,28,1,12,7,,,,,,0,2026-08-03
458,NICL,Basic Materials,Other Industrial Metals & Mining,18322713,476.0,56.34,-8.24,6.81,-74.3,3.9,1.3,-4.6,-5.0,-9.3,-48.8,2,10,3,1,5,,,,,,0,2026-08-03
459,NETV,Communication Services,Broadcasting,92329340,51.0,55.69,-8.52,-7.91,-74.8,2.0,0.7,0.0,0.1,-6.1,-48.8,2,23,5,2,2,,,,,,0,2026-08-03
460,FUJI,Financial Services,Credit Services,11021216,202.0,54.78,-8.41,8.85,-78.7,7.4,1.8,-1.6,-1.5,-14.6,-59.1,2,21,5,2,5,,,,,,0,2026-08-03
461,CSMI,Consumer Cyclical,Restaurants,27672043,74.0,53.17,-7.23,-18.21,-87.8,25.4,2.7,-2.0,-2.8,-2.2,-53.3,1,43,14,7,0,,,,,,0,2026-08-03
462,TIRA,Industrials,Industrial Distribution,605080,496.0,52.54,-5.42,-11.92,-77.0,0.0,0.0,-2.1,-4.1,-14.6,-52.5,1,2,4,6,1,,,,,,0,2026-08-03
463,CUAN,Energy,Thermal Coal,286416590,665.0,48.91,-10.55,-3.62,-76.0,36.8,7.8,-3.8,1.1,3.3,-56.2,1,48,3,4,3,,,,,,0,2026-08-03
464,BBSS,Industrials,Engineering & Construction,1167440,95.0,48.0,-5.62,2.65,-87.0,8.0,1.1,-0.9,-1.6,-7.5,-62.7,1,19,4,1,1,,,,,,0,2026-08-03
465,FILM,Communication Services,Entertainment,6795836,1060.0,45.2,-10.7,-6.94,-92.7,5.5,0.4,-7.5,-23.3,-36.6,-81.0,1,0,2,0,7,,,,,,0,2026-08-03
466,COCO,Consumer Defensive,Confectioners,549876267,111.0,44.05,-9.01,94.58,-84.5,51.1,5.9,-8.6,-19.5,-33.9,-63.7,0,2,0,1,9,,,,,,0,2026-08-03
467,DSSA,Energy,Thermal Coal,560098830,850.0,39.16,3.02,-7.63,-81.7,96.8,9.9,-1.2,2.3,12.9,-69.2,0,37,1,1,2,,,,,,0,2026-08-03
468,TPIA,Basic Materials,Specialty Chemicals,450713150,2160.0,37.73,2.29,-1.64,-77.4,65.5,10.4,0.1,7.2,13.3,-59.5,0,83,0,3,0,,,,,,0,2026-08-03
